Workbook

Sheet Scoring 2026
B1: Operational Performance Report
B3: Operating Principles
B4: - The Operational Performance ranking is a framework for measuring restaurant performance. - It defines long-term targets across the core pillars: Customers, Restaurant, and Teams. Each metric in the scorecard is assigned a rating from 1 to 5, with thresholds based on synthetic historical performance and portfolio targets.
B10: - Metrics cover the selected month, except team metrics, which cover the full active team regardless of join date.
B12: 2026 Scores
B15: NETWORK SCORECARD
H16: 2026 Targets | I16: Score Bands | N16: Weighting
B17: Category | C17: Theme / Type | D17: Metric | E17: Weight | F17: Source | G17: Owner | H17: Network | I17: 1 | J17: 2 | K17: 3 | L17: 4 | M17: 5
B18: Transaction Growth Drivers (monthly view) | C18: Overall Satisfaction | E18: =SUM(E19:E21) -> 0.26
C19: Google | D19: Google Score | E19: 0.08 | F19: Survey Platform | G19: Emma | H19: 4.35 | I19: <4,05 | J19: >=4,05 | K19: >=4,20 | L19: >=4,35 | M19: >=4,50 | N19: 0.08
C20: CHAMPS | D20: Overall Mystery Shopper Score | E20: 0.12 | F20: Quality Audit Platform | G20: Emma | H20: 0.88 | I20: <78% | J20: >=78% | K20: >=83% | L20: >=88% | M20: >=94% | N20: 0.12
C21: Complaints | D21: Recla/1000 | E21: 0.06 | F21: Service Desk Platform | G21: Emma | H21: 0.1 | I21: >0,18 | J21: >=0,18 | K21: >=0,13 | L21: >=0,10 | M21: >=0,06 | N21: 0.06
C23: Cleanliness | E23: =E24 -> 0.14
C24: Customer Feedback - Cleanliness | D24: Cleanliness Satisfaction | E24: 0.14 | F24: Survey Platform | G24: Emma | H24: 0.68 | I24: <60% | J24: >=60% | K24: >=64% | L24: >=68% | M24: >=72% | N24: 0.14
C26: Qualité | E26: =E27 -> 0.14
C27: Customer Feedback - Taste | D27: Taste Satisfaction | E27: 0.14 | F27: Survey Platform | G27: Emma | H27: 0.69 | I27: <61% | J27: >=61% | K27: >=65% | L27: >=69% | M27: >=73% | N27: 0.14
C29: Service | E29: =E30 -> 0.11
C30: Mystery Shopper - Speed | D30: Score VM |Speed | E30: 0.11 | F30: Quality Audit Platform | G30: Emma | H30: 0.64 | I30: <57% | J30: >=57% | K30: >=61% | L30: >=64% | M30: >=69% | N30: 0.11
B32: Operational Fundamentals Operations (included in quarterly view) | C32: Team Experience | E32: =SUM(E33:E35) -> 0.16
C33: RGM Training | D33: % Director/GEX2 Certification | E33: 0.05 | F33: Training Platform | G33: Daniel | H33: 0.92 | I33: <60% | J33: >=60% | K33: >=80% | L33: >=92% | M33: >=97% | N33: 0.05
C34: AM/RS Training | D34: % Service Management Certification | E34: 0.05 | F34: Training Platform | G34: Daniel | H34: 0.94 | I34: <60% | J34: >=60% | K34: >=82% | L34: >=94% | M34: >=98% | N34: 0.05
C35: STEW Training | D35: % Fundamentals Certification within 14 Days | E35: 0.06 | F35: Training Platform | G35: Daniel | H35: 0.96 | I35: <60% | J35: >=60% | K35: >=85% | L35: >=96% | M35: >=99% | N35: 0.06
C37: ROCC Standards | E37: =E38+E39 -> 0.19
C38: Overall ROCC | D38: Rating Overall ROCCe | E38: 0.09 | F38: Reporting Platform | G38: Olivia | H38: 0.89 | I38: <72% | J38: >=72% | K38: >=82% | L38: >=89% | M38: >=95% | N38: 0.09
C39: Action Plan Compliance | D39: L3 Action Plan completed within 72h | E39: 0.1 | F39: Reporting Platform | G39: Olivia | H39: 0.93 | I39: <75% | J39: >=75% | K39: >=84% | L39: >=93% | M39: >=98% | N39: 0.1

Sheet Restaurant Dashboard
C1: Period
C2: July YTD
C4: Network Average | E4: 2.2307692 | G4: 4.482 | H4: 4 | I4: 84.98 | J4: 2 | K4: 0.084 | L4: 3 | N4: 0.5893 | O4: 1 | Q4: 0.62464809 | R4: 3 | T4: 56.996928 | U4: 1 | W4: 0.869 | X4: 3 | Y4: 0.567 | Z4: 1 | AA4: 0.806 | AB4: 2 | AC4: 2 | AD4: 0.568 | AE4: 1 | AF4: 0.875 | AG4: 3
G5: Overall Satisfaction 25% | N5: Cleanliness 15% | Q5: Taste 15% | T5: Service 10% | W5: Team Experience 15% | AD5: ROCC Standards 20%
A6: Consultant | B6: Franchisee | C6: Restaurant | D6: Rank | E6: Total Score | G6: Overall Google Score | H6: Google Score | I6: CHAMPS Average | J6: CHAMPS Mystery Shopper Score | K6: Complaints per 1,000 | L6: Complaints Score | N6: % Cleanliness Satisfaction | O6: Cleanliness Satisfaction Score | Q6: % Taste Satisfaction | R6: Taste Satisfaction Score | T6: Speed Average | U6: Speed Mystery Shopper Score | W6: % RGM Certified | X6: RGM Certification Score | Y6: % AM/RS Certified | Z6: AM/RS Certification Score | AA6: % STew Certified within 14 Days v2 | AB6: STEW Certification Score (14 Days) v2 | AD6: Satisfactory ROCC Audit % | AE6: Audit at Standard Score v2 | AF6: L3 Action Plan Average | AG6: Action Plan Score
A7: =IF('Restaurant Base (Hidden)'!A67=0,"", 'Restaurant Base (Hidden)'!A67) -> Harper Langford | B7: =IF('Restaurant Base (Hidden)'!B67=0,"", 'Restaurant Base (Hidden)'!B67) -> Meadowgate Hospitality | C7: =IF('Restaurant Base (Hidden)'!C67=0,"", 'Restaurant Base (Hidden)'!C67) -> Eagle Mews | D7: =+IFERROR(RANK(E7,$E$7:$E$3390,),"") -> 1 | E7: =+IFERROR(INDEX('Restaurant Base (Hidden)'!$A$2:$Z$1048576,MATCH($C7,'Restaurant Base (Hidden)'!$C$2:$C$1048576,0),MATCH(E$6,'Restaurant Base (Hidden)'!$A$1:$Z$1,0)),"") -> 4.2 | F7: =+IFERROR(INDEX('Restaurant Base (Hidden)'!$A$2:$Z$1048576,MATCH($C7,'Restaurant Base (Hidden)'!$C$2:$C$1048576,0),MATCH(F$6,'Restaurant Base (Hidden)'!$A$1:$Z$1,0)),"") | G7: =+IFERROR(INDEX('Restaurant Base (Hidden)'!$A$2:$Z$1048576,MATCH($C7,'Restaurant Base (Hidden)'!$C$2:$C$1048576,0),MATCH(G$6,'Restaurant Base (Hidden)'!$A$1:$Z$1,0)),"") -> 4,557 | H7: =+IFERROR(INDEX('Restaurant Base (Hidden)'!$A$2:$Z$1048576,MATCH($C7,'Restaurant Base (Hidden)'!$C$2:$C$1048576,0),MATCH(H$6,'Restaurant Base (Hidden)'!$A$1:$Z$1,0)),"") -> 5 | I7: =+IFERROR(INDEX('Restaurant Base (Hidden)'!$A$2:$Z$1048576,MATCH($C7,'Restaurant Base (Hidden)'!$C$2:$C$1048576,0),MATCH(I$6,'Restaurant Base (Hidden)'!$A$1:$Z$1,0)),"") -> 86,60 % | J7: =+IFERROR(INDEX('Restaurant Base (Hidden)'!$A$2:$Z$1048576,MATCH($C7,'Restaurant Base (Hidden)'!$C$2:$C$1048576,0),MATCH(J$6,'Restaurant Base (Hidden)'!$A$1:$Z$1,0)),"") -> 3 | K7: =+IFERROR(INDEX('Restaurant Base (Hidden)'!$A$2:$Z$1048576,MATCH($C7,'Restaurant Base (Hidden)'!$C$2:$C$1048576,0),MATCH(K$6,'Restaurant Base (Hidden)'!$A$1:$Z$1,0)),"") -> 0,058 | L7: =+IFERROR(INDEX('Restaurant Base (Hidden)'!$A$2:$Z$1048576,MATCH($C7,'Restaurant Base (Hidden)'!$C$2:$C$1048576,0),MATCH(L$6,'Restaurant Base (Hidden)'!$A$1:$Z$1,0)),"") -> 5 | ... AG7: =+IFERROR(INDEX('Restaurant Base (Hidden)'!$A$2:$Z$1048576,MATCH($C7,'Restaurant Base (Hidden)'!$C$2:$C$1048576,0),MATCH(AG$6,'Restaurant Base (Hidden)'!$A$1:$Z$1,0)),"") -> 4
A8: =IF('Restaurant Base (Hidden)'!A43=0,"", 'Restaurant Base (Hidden)'!A43) -> Logan Redford | B8: =IF('Restaurant Base (Hidden)'!B43=0,"", 'Restaurant Base (Hidden)'!B43) -> Bluecrest Food Partners | C8: =IF('Restaurant Base (Hidden)'!C43=0,"", 'Restaurant Base (Hidden)'!C43) -> Redwood Grove | D8: =+IFERROR(RANK(E8,$E$7:$E$3390,),"") -> 2 | E8: =+IFERROR(INDEX('Restaurant Base (Hidden)'!$A$2:$Z$1048576,MATCH($C8,'Restaurant Base (Hidden)'!$C$2:$C$1048576,0),MATCH(E$6,'Restaurant Base (Hidden)'!$A$1:$Z$1,0)),"") -> 4.05 | F8: =+IFERROR(INDEX('Restaurant Base (Hidden)'!$A$2:$Z$1048576,MATCH($C8,'Restaurant Base (Hidden)'!$C$2:$C$1048576,0),MATCH(F$6,'Restaurant Base (Hidden)'!$A$1:$Z$1,0)),"") | G8: =+IFERROR(INDEX('Restaurant Base (Hidden)'!$A$2:$Z$1048576,MATCH($C8,'Restaurant Base (Hidden)'!$C$2:$C$1048576,0),MATCH(G$6,'Restaurant Base (Hidden)'!$A$1:$Z$1,0)),"") -> 4,229 | H8: =+IFERROR(INDEX('Restaurant Base (Hidden)'!$A$2:$Z$1048576,MATCH($C8,'Restaurant Base (Hidden)'!$C$2:$C$1048576,0),MATCH(H$6,'Restaurant Base (Hidden)'!$A$1:$Z$1,0)),"") -> 3 | I8: =+IFERROR(INDEX('Restaurant Base (Hidden)'!$A$2:$Z$1048576,MATCH($C8,'Restaurant Base (Hidden)'!$C$2:$C$1048576,0),MATCH(I$6,'Restaurant Base (Hidden)'!$A$1:$Z$1,0)),"") -> 96,30 % | J8: =+IFERROR(INDEX('Restaurant Base (Hidden)'!$A$2:$Z$1048576,MATCH($C8,'Restaurant Base (Hidden)'!$C$2:$C$1048576,0),MATCH(J$6,'Restaurant Base (Hidden)'!$A$1:$Z$1,0)),"") -> 5 | K8: =+IFERROR(INDEX('Restaurant Base (Hidden)'!$A$2:$Z$1048576,MATCH($C8,'Restaurant Base (Hidden)'!$C$2:$C$1048576,0),MATCH(K$6,'Restaurant Base (Hidden)'!$A$1:$Z$1,0)),"") -> 0,201 | L8: =+IFERROR(INDEX('Restaurant Base (Hidden)'!$A$2:$Z$1048576,MATCH($C8,'Restaurant Base (Hidden)'!$C$2:$C$1048576,0),MATCH(L$6,'Restaurant Base (Hidden)'!$A$1:$Z$1,0)),"") -> 1 | ... AG8: =+IFERROR(INDEX('Restaurant Base (Hidden)'!$A$2:$Z$1048576,MATCH($C8,'Restaurant Base (Hidden)'!$C$2:$C$1048576,0),MATCH(AG$6,'Restaurant Base (Hidden)'!$A$1:$Z$1,0)),"") -> 5
A9: =IF('Restaurant Base (Hidden)'!A123=0,"", 'Restaurant Base (Hidden)'!A123) -> Elliot Hawthorne | B9: =IF('Restaurant Base (Hidden)'!B123=0,"", 'Restaurant Base (Hidden)'!B123) -> Bluecrest Food Partners | C9: =IF('Restaurant Base (Hidden)'!C123=0,"", 'Restaurant Base (Hidden)'!C123) -> Evergreen Crescent | D9: =+IFERROR(RANK(E9,$E$7:$E$3390,),"") -> 3 | E9: =+IFERROR(INDEX('Restaurant Base (Hidden)'!$A$2:$Z$1048576,MATCH($C9,'Restaurant Base (Hidden)'!$C$2:$C$1048576,0),MATCH(E$6,'Restaurant Base (Hidden)'!$A$1:$Z$1,0)),"") -> 4.03 | F9: =+IFERROR(INDEX('Restaurant Base (Hidden)'!$A$2:$Z$1048576,MATCH($C9,'Restaurant Base (Hidden)'!$C$2:$C$1048576,0),MATCH(F$6,'Restaurant Base (Hidden)'!$A$1:$Z$1,0)),"") | G9: =+IFERROR(INDEX('Restaurant Base (Hidden)'!$A$2:$Z$1048576,MATCH($C9,'Restaurant Base (Hidden)'!$C$2:$C$1048576,0),MATCH(G$6,'Restaurant Base (Hidden)'!$A$1:$Z$1,0)),"") -> 4,569 | H9: =+IFERROR(INDEX('Restaurant Base (Hidden)'!$A$2:$Z$1048576,MATCH($C9,'Restaurant Base (Hidden)'!$C$2:$C$1048576,0),MATCH(H$6,'Restaurant Base (Hidden)'!$A$1:$Z$1,0)),"") -> 5 | I9: =+IFERROR(INDEX('Restaurant Base (Hidden)'!$A$2:$Z$1048576,MATCH($C9,'Restaurant Base (Hidden)'!$C$2:$C$1048576,0),MATCH(I$6,'Restaurant Base (Hidden)'!$A$1:$Z$1,0)),"") -> 86,30 % | J9: =+IFERROR(INDEX('Restaurant Base (Hidden)'!$A$2:$Z$1048576,MATCH($C9,'Restaurant Base (Hidden)'!$C$2:$C$1048576,0),MATCH(J$6,'Restaurant Base (Hidden)'!$A$1:$Z$1,0)),"") -> 3 | K9: =+IFERROR(INDEX('Restaurant Base (Hidden)'!$A$2:$Z$1048576,MATCH($C9,'Restaurant Base (Hidden)'!$C$2:$C$1048576,0),MATCH(K$6,'Restaurant Base (Hidden)'!$A$1:$Z$1,0)),"") -> 0,108 | L9: =+IFERROR(INDEX('Restaurant Base (Hidden)'!$A$2:$Z$1048576,MATCH($C9,'Restaurant Base (Hidden)'!$C$2:$C$1048576,0),MATCH(L$6,'Restaurant Base (Hidden)'!$A$1:$Z$1,0)),"") -> 3 | ... AG9: =+IFERROR(INDEX('Restaurant Base (Hidden)'!$A$2:$Z$1048576,MATCH($C9,'Restaurant Base (Hidden)'!$C$2:$C$1048576,0),MATCH(AG$6,'Restaurant Base (Hidden)'!$A$1:$Z$1,0)),"") -> 4
A10: =IF('Restaurant Base (Hidden)'!A183=0,"", 'Restaurant Base (Hidden)'!A183) -> Harper Langford | B10: =IF('Restaurant Base (Hidden)'!B183=0,"", 'Restaurant Base (Hidden)'!B183) -> Goldenridge Hospitality | C10: =IF('Restaurant Base (Hidden)'!C183=0,"", 'Restaurant Base (Hidden)'!C183) -> Hilltop Gardens | D10: =+IFERROR(RANK(E10,$E$7:$E$3390,),"") -> 4 | E10: =+IFERROR(INDEX('Restaurant Base (Hidden)'!$A$2:$Z$1048576,MATCH($C10,'Restaurant Base (Hidden)'!$C$2:$C$1048576,0),MATCH(E$6,'Restaurant Base (Hidden)'!$A$1:$Z$1,0)),"") -> 3.97 | F10: =+IFERROR(INDEX('Restaurant Base (Hidden)'!$A$2:$Z$1048576,MATCH($C10,'Restaurant Base (Hidden)'!$C$2:$C$1048576,0),MATCH(F$6,'Restaurant Base (Hidden)'!$A$1:$Z$1,0)),"") | G10: =+IFERROR(INDEX('Restaurant Base (Hidden)'!$A$2:$Z$1048576,MATCH($C10,'Restaurant Base (Hidden)'!$C$2:$C$1048576,0),MATCH(G$6,'Restaurant Base (Hidden)'!$A$1:$Z$1,0)),"") -> 4,392 | H10: =+IFERROR(INDEX('Restaurant Base (Hidden)'!$A$2:$Z$1048576,MATCH($C10,'Restaurant Base (Hidden)'!$C$2:$C$1048576,0),MATCH(H$6,'Restaurant Base (Hidden)'!$A$1:$Z$1,0)),"") -> 4 | I10: =+IFERROR(INDEX('Restaurant Base (Hidden)'!$A$2:$Z$1048576,MATCH($C10,'Restaurant Base (Hidden)'!$C$2:$C$1048576,0),MATCH(I$6,'Restaurant Base (Hidden)'!$A$1:$Z$1,0)),"") -> 97,30 % | J10: =+IFERROR(INDEX('Restaurant Base (Hidden)'!$A$2:$Z$1048576,MATCH($C10,'Restaurant Base (Hidden)'!$C$2:$C$1048576,0),MATCH(J$6,'Restaurant Base (Hidden)'!$A$1:$Z$1,0)),"") -> 5 | K10: =+IFERROR(INDEX('Restaurant Base (Hidden)'!$A$2:$Z$1048576,MATCH($C10,'Restaurant Base (Hidden)'!$C$2:$C$1048576,0),MATCH(K$6,'Restaurant Base (Hidden)'!$A$1:$Z$1,0)),"") -> 0,177 | L10: =+IFERROR(INDEX('Restaurant Base (Hidden)'!$A$2:$Z$1048576,MATCH($C10,'Restaurant Base (Hidden)'!$C$2:$C$1048576,0),MATCH(L$6,'Restaurant Base (Hidden)'!$A$1:$Z$1,0)),"") -> 2 | ... AG10: =+IFERROR(INDEX('Restaurant Base (Hidden)'!$A$2:$Z$1048576,MATCH($C10,'Restaurant Base (Hidden)'!$C$2:$C$1048576,0),MATCH(AG$6,'Restaurant Base (Hidden)'!$A$1:$Z$1,0)),"") -> 1
A11: =IF('Restaurant Base (Hidden)'!A253=0,"", 'Restaurant Base (Hidden)'!A253) -> Skyler Everhart | B11: =IF('Restaurant Base (Hidden)'!B253=0,"", 'Restaurant Base (Hidden)'!B253) -> Maplewood Hospitality | C11: =IF('Restaurant Base (Hidden)'!C253=0,"", 'Restaurant Base (Hidden)'!C253) -> Lake Pines | D11: =+IFERROR(RANK(E11,$E$7:$E$3390,),"") -> 5 | E11: =+IFERROR(INDEX('Restaurant Base (Hidden)'!$A$2:$Z$1048576,MATCH($C11,'Restaurant Base (Hidden)'!$C$2:$C$1048576,0),MATCH(E$6,'Restaurant Base (Hidden)'!$A$1:$Z$1,0)),"") -> 3.95 | F11: =+IFERROR(INDEX('Restaurant Base (Hidden)'!$A$2:$Z$1048576,MATCH($C11,'Restaurant Base (Hidden)'!$C$2:$C$1048576,0),MATCH(F$6,'Restaurant Base (Hidden)'!$A$1:$Z$1,0)),"") | G11: =+IFERROR(INDEX('Restaurant Base (Hidden)'!$A$2:$Z$1048576,MATCH($C11,'Restaurant Base (Hidden)'!$C$2:$C$1048576,0),MATCH(G$6,'Restaurant Base (Hidden)'!$A$1:$Z$1,0)),"") -> 4,786 | H11: =+IFERROR(INDEX('Restaurant Base (Hidden)'!$A$2:$Z$1048576,MATCH($C11,'Restaurant Base (Hidden)'!$C$2:$C$1048576,0),MATCH(H$6,'Restaurant Base (Hidden)'!$A$1:$Z$1,0)),"") -> 5 | I11: =+IFERROR(INDEX('Restaurant Base (Hidden)'!$A$2:$Z$1048576,MATCH($C11,'Restaurant Base (Hidden)'!$C$2:$C$1048576,0),MATCH(I$6,'Restaurant Base (Hidden)'!$A$1:$Z$1,0)),"") -> 93,30 % | J11: =+IFERROR(INDEX('Restaurant Base (Hidden)'!$A$2:$Z$1048576,MATCH($C11,'Restaurant Base (Hidden)'!$C$2:$C$1048576,0),MATCH(J$6,'Restaurant Base (Hidden)'!$A$1:$Z$1,0)),"") -> 4 | K11: =+IFERROR(INDEX('Restaurant Base (Hidden)'!$A$2:$Z$1048576,MATCH($C11,'Restaurant Base (Hidden)'!$C$2:$C$1048576,0),MATCH(K$6,'Restaurant Base (Hidden)'!$A$1:$Z$1,0)),"") -> 0,050 | L11: =+IFERROR(INDEX('Restaurant Base (Hidden)'!$A$2:$Z$1048576,MATCH($C11,'Restaurant Base (Hidden)'!$C$2:$C$1048576,0),MATCH(L$6,'Restaurant Base (Hidden)'!$A$1:$Z$1,0)),"") -> 5 | ... AG11: =+IFERROR(INDEX('Restaurant Base (Hidden)'!$A$2:$Z$1048576,MATCH($C11,'Restaurant Base (Hidden)'!$C$2:$C$1048576,0),MATCH(AG$6,'Restaurant Base (Hidden)'!$A$1:$Z$1,0)),"") -> 3
A12: =IF('Restaurant Base (Hidden)'!A2=0,"", 'Restaurant Base (Hidden)'!A2) -> Avery Ashford | B12: =IF('Restaurant Base (Hidden)'!B2=0,"", 'Restaurant Base (Hidden)'!B2) -> Northstar Dining Group | C12: =IF('Restaurant Base (Hidden)'!C2=0,"", 'Restaurant Base (Hidden)'!C2) -> Golden Walk | D12: =+IFERROR(RANK(E12,$E$7:$E$3390,),"") -> 6 | E12: =+IFERROR(INDEX('Restaurant Base (Hidden)'!$A$2:$Z$1048576,MATCH($C12,'Restaurant Base (Hidden)'!$C$2:$C$1048576,0),MATCH(E$6,'Restaurant Base (Hidden)'!$A$1:$Z$1,0)),"") -> 3.91 | F12: =+IFERROR(INDEX('Restaurant Base (Hidden)'!$A$2:$Z$1048576,MATCH($C12,'Restaurant Base (Hidden)'!$C$2:$C$1048576,0),MATCH(F$6,'Restaurant Base (Hidden)'!$A$1:$Z$1,0)),"") | G12: =+IFERROR(INDEX('Restaurant Base (Hidden)'!$A$2:$Z$1048576,MATCH($C12,'Restaurant Base (Hidden)'!$C$2:$C$1048576,0),MATCH(G$6,'Restaurant Base (Hidden)'!$A$1:$Z$1,0)),"") -> 4,627 | H12: =+IFERROR(INDEX('Restaurant Base (Hidden)'!$A$2:$Z$1048576,MATCH($C12,'Restaurant Base (Hidden)'!$C$2:$C$1048576,0),MATCH(H$6,'Restaurant Base (Hidden)'!$A$1:$Z$1,0)),"") -> 5 | I12: =+IFERROR(INDEX('Restaurant Base (Hidden)'!$A$2:$Z$1048576,MATCH($C12,'Restaurant Base (Hidden)'!$C$2:$C$1048576,0),MATCH(I$6,'Restaurant Base (Hidden)'!$A$1:$Z$1,0)),"") -> 95,00 % | J12: =+IFERROR(INDEX('Restaurant Base (Hidden)'!$A$2:$Z$1048576,MATCH($C12,'Restaurant Base (Hidden)'!$C$2:$C$1048576,0),MATCH(J$6,'Restaurant Base (Hidden)'!$A$1:$Z$1,0)),"") -> 5 | K12: =+IFERROR(INDEX('Restaurant Base (Hidden)'!$A$2:$Z$1048576,MATCH($C12,'Restaurant Base (Hidden)'!$C$2:$C$1048576,0),MATCH(K$6,'Restaurant Base (Hidden)'!$A$1:$Z$1,0)),"") -> 0,035 | L12: =+IFERROR(INDEX('Restaurant Base (Hidden)'!$A$2:$Z$1048576,MATCH($C12,'Restaurant Base (Hidden)'!$C$2:$C$1048576,0),MATCH(L$6,'Restaurant Base (Hidden)'!$A$1:$Z$1,0)),"") -> 5 | ... AG12: =+IFERROR(INDEX('Restaurant Base (Hidden)'!$A$2:$Z$1048576,MATCH($C12,'Restaurant Base (Hidden)'!$C$2:$C$1048576,0),MATCH(AG$6,'Restaurant Base (Hidden)'!$A$1:$Z$1,0)),"") -> 2
A13: =IF('Restaurant Base (Hidden)'!A379=0,"", 'Restaurant Base (Hidden)'!A379) -> Avery Ashford | B13: =IF('Restaurant Base (Hidden)'!B379=0,"", 'Restaurant Base (Hidden)'!B379) -> Fairmont Food Group | C13: =IF('Restaurant Base (Hidden)'!C379=0,"", 'Restaurant Base (Hidden)'!C379) -> River Gate | D13: =+IFERROR(RANK(E13,$E$7:$E$3390,),"") -> 7 | E13: =+IFERROR(INDEX('Restaurant Base (Hidden)'!$A$2:$Z$1048576,MATCH($C13,'Restaurant Base (Hidden)'!$C$2:$C$1048576,0),MATCH(E$6,'Restaurant Base (Hidden)'!$A$1:$Z$1,0)),"") -> 3.88 | F13: =+IFERROR(INDEX('Restaurant Base (Hidden)'!$A$2:$Z$1048576,MATCH($C13,'Restaurant Base (Hidden)'!$C$2:$C$1048576,0),MATCH(F$6,'Restaurant Base (Hidden)'!$A$1:$Z$1,0)),"") | G13: =+IFERROR(INDEX('Restaurant Base (Hidden)'!$A$2:$Z$1048576,MATCH($C13,'Restaurant Base (Hidden)'!$C$2:$C$1048576,0),MATCH(G$6,'Restaurant Base (Hidden)'!$A$1:$Z$1,0)),"") -> 4,584 | H13: =+IFERROR(INDEX('Restaurant Base (Hidden)'!$A$2:$Z$1048576,MATCH($C13,'Restaurant Base (Hidden)'!$C$2:$C$1048576,0),MATCH(H$6,'Restaurant Base (Hidden)'!$A$1:$Z$1,0)),"") -> 5 | I13: =+IFERROR(INDEX('Restaurant Base (Hidden)'!$A$2:$Z$1048576,MATCH($C13,'Restaurant Base (Hidden)'!$C$2:$C$1048576,0),MATCH(I$6,'Restaurant Base (Hidden)'!$A$1:$Z$1,0)),"") -> 70,80 % | J13: =+IFERROR(INDEX('Restaurant Base (Hidden)'!$A$2:$Z$1048576,MATCH($C13,'Restaurant Base (Hidden)'!$C$2:$C$1048576,0),MATCH(J$6,'Restaurant Base (Hidden)'!$A$1:$Z$1,0)),"") -> 1 | K13: =+IFERROR(INDEX('Restaurant Base (Hidden)'!$A$2:$Z$1048576,MATCH($C13,'Restaurant Base (Hidden)'!$C$2:$C$1048576,0),MATCH(K$6,'Restaurant Base (Hidden)'!$A$1:$Z$1,0)),"") -> 0,041 | L13: =+IFERROR(INDEX('Restaurant Base (Hidden)'!$A$2:$Z$1048576,MATCH($C13,'Restaurant Base (Hidden)'!$C$2:$C$1048576,0),MATCH(L$6,'Restaurant Base (Hidden)'!$A$1:$Z$1,0)),"") -> 5 | ... AG13: =+IFERROR(INDEX('Restaurant Base (Hidden)'!$A$2:$Z$1048576,MATCH($C13,'Restaurant Base (Hidden)'!$C$2:$C$1048576,0),MATCH(AG$6,'Restaurant Base (Hidden)'!$A$1:$Z$1,0)),"") -> 4
A14: =IF('Restaurant Base (Hidden)'!A362=0,"", 'Restaurant Base (Hidden)'!A362) -> Logan Redford | B14: =IF('Restaurant Base (Hidden)'!B362=0,"", 'Restaurant Base (Hidden)'!B362) -> Northstar Dining Group | C14: =IF('Restaurant Base (Hidden)'!C362=0,"", 'Restaurant Base (Hidden)'!C362) -> Liberty Commons | D14: =+IFERROR(RANK(E14,$E$7:$E$3390,),"") -> 8 | E14: =+IFERROR(INDEX('Restaurant Base (Hidden)'!$A$2:$Z$1048576,MATCH($C14,'Restaurant Base (Hidden)'!$C$2:$C$1048576,0),MATCH(E$6,'Restaurant Base (Hidden)'!$A$1:$Z$1,0)),"") -> 3.84 | F14: =+IFERROR(INDEX('Restaurant Base (Hidden)'!$A$2:$Z$1048576,MATCH($C14,'Restaurant Base (Hidden)'!$C$2:$C$1048576,0),MATCH(F$6,'Restaurant Base (Hidden)'!$A$1:$Z$1,0)),"") | G14: =+IFERROR(INDEX('Restaurant Base (Hidden)'!$A$2:$Z$1048576,MATCH($C14,'Restaurant Base (Hidden)'!$C$2:$C$1048576,0),MATCH(G$6,'Restaurant Base (Hidden)'!$A$1:$Z$1,0)),"") -> 4,571 | H14: =+IFERROR(INDEX('Restaurant Base (Hidden)'!$A$2:$Z$1048576,MATCH($C14,'Restaurant Base (Hidden)'!$C$2:$C$1048576,0),MATCH(H$6,'Restaurant Base (Hidden)'!$A$1:$Z$1,0)),"") -> 5 | I14: =+IFERROR(INDEX('Restaurant Base (Hidden)'!$A$2:$Z$1048576,MATCH($C14,'Restaurant Base (Hidden)'!$C$2:$C$1048576,0),MATCH(I$6,'Restaurant Base (Hidden)'!$A$1:$Z$1,0)),"") -> 97,00 % | J14: =+IFERROR(INDEX('Restaurant Base (Hidden)'!$A$2:$Z$1048576,MATCH($C14,'Restaurant Base (Hidden)'!$C$2:$C$1048576,0),MATCH(J$6,'Restaurant Base (Hidden)'!$A$1:$Z$1,0)),"") -> 5 | K14: =+IFERROR(INDEX('Restaurant Base (Hidden)'!$A$2:$Z$1048576,MATCH($C14,'Restaurant Base (Hidden)'!$C$2:$C$1048576,0),MATCH(K$6,'Restaurant Base (Hidden)'!$A$1:$Z$1,0)),"") -> 0,150 | L14: =+IFERROR(INDEX('Restaurant Base (Hidden)'!$A$2:$Z$1048576,MATCH($C14,'Restaurant Base (Hidden)'!$C$2:$C$1048576,0),MATCH(L$6,'Restaurant Base (Hidden)'!$A$1:$Z$1,0)),"") -> 2 | ... AG14: =+IFERROR(INDEX('Restaurant Base (Hidden)'!$A$2:$Z$1048576,MATCH($C14,'Restaurant Base (Hidden)'!$C$2:$C$1048576,0),MATCH(AG$6,'Restaurant Base (Hidden)'!$A$1:$Z$1,0)),"") -> 1
A15: =IF('Restaurant Base (Hidden)'!A72=0,"", 'Restaurant Base (Hidden)'!A72) -> Logan Redford | B15: =IF('Restaurant Base (Hidden)'!B72=0,"", 'Restaurant Base (Hidden)'!B72) -> Oakmont Dining Partners | C15: =IF('Restaurant Base (Hidden)'!C72=0,"", 'Restaurant Base (Hidden)'!C72) -> Eastwood Way | D15: =+IFERROR(RANK(E15,$E$7:$E$3390,),"") -> 9 | E15: =+IFERROR(INDEX('Restaurant Base (Hidden)'!$A$2:$Z$1048576,MATCH($C15,'Restaurant Base (Hidden)'!$C$2:$C$1048576,0),MATCH(E$6,'Restaurant Base (Hidden)'!$A$1:$Z$1,0)),"") -> 3.83 | F15: =+IFERROR(INDEX('Restaurant Base (Hidden)'!$A$2:$Z$1048576,MATCH($C15,'Restaurant Base (Hidden)'!$C$2:$C$1048576,0),MATCH(F$6,'Restaurant Base (Hidden)'!$A$1:$Z$1,0)),"") | G15: =+IFERROR(INDEX('Restaurant Base (Hidden)'!$A$2:$Z$1048576,MATCH($C15,'Restaurant Base (Hidden)'!$C$2:$C$1048576,0),MATCH(G$6,'Restaurant Base (Hidden)'!$A$1:$Z$1,0)),"") -> 4,580 | H15: =+IFERROR(INDEX('Restaurant Base (Hidden)'!$A$2:$Z$1048576,MATCH($C15,'Restaurant Base (Hidden)'!$C$2:$C$1048576,0),MATCH(H$6,'Restaurant Base (Hidden)'!$A$1:$Z$1,0)),"") -> 5 | I15: =+IFERROR(INDEX('Restaurant Base (Hidden)'!$A$2:$Z$1048576,MATCH($C15,'Restaurant Base (Hidden)'!$C$2:$C$1048576,0),MATCH(I$6,'Restaurant Base (Hidden)'!$A$1:$Z$1,0)),"") -> 59,30 % | J15: =+IFERROR(INDEX('Restaurant Base (Hidden)'!$A$2:$Z$1048576,MATCH($C15,'Restaurant Base (Hidden)'!$C$2:$C$1048576,0),MATCH(J$6,'Restaurant Base (Hidden)'!$A$1:$Z$1,0)),"") -> 1 | K15: =+IFERROR(INDEX('Restaurant Base (Hidden)'!$A$2:$Z$1048576,MATCH($C15,'Restaurant Base (Hidden)'!$C$2:$C$1048576,0),MATCH(K$6,'Restaurant Base (Hidden)'!$A$1:$Z$1,0)),"") -> 0,201 | L15: =+IFERROR(INDEX('Restaurant Base (Hidden)'!$A$2:$Z$1048576,MATCH($C15,'Restaurant Base (Hidden)'!$C$2:$C$1048576,0),MATCH(L$6,'Restaurant Base (Hidden)'!$A$1:$Z$1,0)),"") -> 1 | ... AG15: =+IFERROR(INDEX('Restaurant Base (Hidden)'!$A$2:$Z$1048576,MATCH($C15,'Restaurant Base (Hidden)'!$C$2:$C$1048576,0),MATCH(AG$6,'Restaurant Base (Hidden)'!$A$1:$Z$1,0)),"") -> 2
A16: =IF('Restaurant Base (Hidden)'!A341=0,"", 'Restaurant Base (Hidden)'!A341) -> Taylor Hartwell | B16: =IF('Restaurant Base (Hidden)'!B341=0,"", 'Restaurant Base (Hidden)'!B341) -> Parkstone Restaurant Group | C16: =IF('Restaurant Base (Hidden)'!C341=0,"", 'Restaurant Base (Hidden)'!C341) -> Golden Place | D16: =+IFERROR(RANK(E16,$E$7:$E$3390,),"") -> 9 | E16: =+IFERROR(INDEX('Restaurant Base (Hidden)'!$A$2:$Z$1048576,MATCH($C16,'Restaurant Base (Hidden)'!$C$2:$C$1048576,0),MATCH(E$6,'Restaurant Base (Hidden)'!$A$1:$Z$1,0)),"") -> 3.83 | F16: =+IFERROR(INDEX('Restaurant Base (Hidden)'!$A$2:$Z$1048576,MATCH($C16,'Restaurant Base (Hidden)'!$C$2:$C$1048576,0),MATCH(F$6,'Restaurant Base (Hidden)'!$A$1:$Z$1,0)),"") | G16: =+IFERROR(INDEX('Restaurant Base (Hidden)'!$A$2:$Z$1048576,MATCH($C16,'Restaurant Base (Hidden)'!$C$2:$C$1048576,0),MATCH(G$6,'Restaurant Base (Hidden)'!$A$1:$Z$1,0)),"") -> 4,667 | H16: =+IFERROR(INDEX('Restaurant Base (Hidden)'!$A$2:$Z$1048576,MATCH($C16,'Restaurant Base (Hidden)'!$C$2:$C$1048576,0),MATCH(H$6,'Restaurant Base (Hidden)'!$A$1:$Z$1,0)),"") -> 5 | I16: =+IFERROR(INDEX('Restaurant Base (Hidden)'!$A$2:$Z$1048576,MATCH($C16,'Restaurant Base (Hidden)'!$C$2:$C$1048576,0),MATCH(I$6,'Restaurant Base (Hidden)'!$A$1:$Z$1,0)),"") -> 91,10 % | J16: =+IFERROR(INDEX('Restaurant Base (Hidden)'!$A$2:$Z$1048576,MATCH($C16,'Restaurant Base (Hidden)'!$C$2:$C$1048576,0),MATCH(J$6,'Restaurant Base (Hidden)'!$A$1:$Z$1,0)),"") -> 4 | K16: =+IFERROR(INDEX('Restaurant Base (Hidden)'!$A$2:$Z$1048576,MATCH($C16,'Restaurant Base (Hidden)'!$C$2:$C$1048576,0),MATCH(K$6,'Restaurant Base (Hidden)'!$A$1:$Z$1,0)),"") -> 0,053 | L16: =+IFERROR(INDEX('Restaurant Base (Hidden)'!$A$2:$Z$1048576,MATCH($C16,'Restaurant Base (Hidden)'!$C$2:$C$1048576,0),MATCH(L$6,'Restaurant Base (Hidden)'!$A$1:$Z$1,0)),"") -> 5 | ... AG16: =+IFERROR(INDEX('Restaurant Base (Hidden)'!$A$2:$Z$1048576,MATCH($C16,'Restaurant Base (Hidden)'!$C$2:$C$1048576,0),MATCH(AG$6,'Restaurant Base (Hidden)'!$A$1:$Z$1,0)),"") -> 1
A17: =IF('Restaurant Base (Hidden)'!A129=0,"", 'Restaurant Base (Hidden)'!A129) -> Kendall Prescott | B17: =IF('Restaurant Base (Hidden)'!B129=0,"", 'Restaurant Base (Hidden)'!B129) -> Rivermark Food Group | C17: =IF('Restaurant Base (Hidden)'!C129=0,"", 'Restaurant Base (Hidden)'!C129) -> Lunar Park | D17: =+IFERROR(RANK(E17,$E$7:$E$3390,),"") -> 11 | E17: =+IFERROR(INDEX('Restaurant Base (Hidden)'!$A$2:$Z$1048576,MATCH($C17,'Restaurant Base (Hidden)'!$C$2:$C$1048576,0),MATCH(E$6,'Restaurant Base (Hidden)'!$A$1:$Z$1,0)),"") -> 3.82 | F17: =+IFERROR(INDEX('Restaurant Base (Hidden)'!$A$2:$Z$1048576,MATCH($C17,'Restaurant Base (Hidden)'!$C$2:$C$1048576,0),MATCH(F$6,'Restaurant Base (Hidden)'!$A$1:$Z$1,0)),"") | G17: =+IFERROR(INDEX('Restaurant Base (Hidden)'!$A$2:$Z$1048576,MATCH($C17,'Restaurant Base (Hidden)'!$C$2:$C$1048576,0),MATCH(G$6,'Restaurant Base (Hidden)'!$A$1:$Z$1,0)),"") -> 4,764 | H17: =+IFERROR(INDEX('Restaurant Base (Hidden)'!$A$2:$Z$1048576,MATCH($C17,'Restaurant Base (Hidden)'!$C$2:$C$1048576,0),MATCH(H$6,'Restaurant Base (Hidden)'!$A$1:$Z$1,0)),"") -> 5 | I17: =+IFERROR(INDEX('Restaurant Base (Hidden)'!$A$2:$Z$1048576,MATCH($C17,'Restaurant Base (Hidden)'!$C$2:$C$1048576,0),MATCH(I$6,'Restaurant Base (Hidden)'!$A$1:$Z$1,0)),"") -> 96,50 % | J17: =+IFERROR(INDEX('Restaurant Base (Hidden)'!$A$2:$Z$1048576,MATCH($C17,'Restaurant Base (Hidden)'!$C$2:$C$1048576,0),MATCH(J$6,'Restaurant Base (Hidden)'!$A$1:$Z$1,0)),"") -> 5 | K17: =+IFERROR(INDEX('Restaurant Base (Hidden)'!$A$2:$Z$1048576,MATCH($C17,'Restaurant Base (Hidden)'!$C$2:$C$1048576,0),MATCH(K$6,'Restaurant Base (Hidden)'!$A$1:$Z$1,0)),"") -> 0,144 | L17: =+IFERROR(INDEX('Restaurant Base (Hidden)'!$A$2:$Z$1048576,MATCH($C17,'Restaurant Base (Hidden)'!$C$2:$C$1048576,0),MATCH(L$6,'Restaurant Base (Hidden)'!$A$1:$Z$1,0)),"") -> 2 | ... AG17: =+IFERROR(INDEX('Restaurant Base (Hidden)'!$A$2:$Z$1048576,MATCH($C17,'Restaurant Base (Hidden)'!$C$2:$C$1048576,0),MATCH(AG$6,'Restaurant Base (Hidden)'!$A$1:$Z$1,0)),"") -> 1
A18: =IF('Restaurant Base (Hidden)'!A360=0,"", 'Restaurant Base (Hidden)'!A360) -> Jordan Oakley | B18: =IF('Restaurant Base (Hidden)'!B360=0,"", 'Restaurant Base (Hidden)'!B360) -> Elmwood Dining Group | C18: =IF('Restaurant Base (Hidden)'!C360=0,"", 'Restaurant Base (Hidden)'!C360) -> Northern Place | D18: =+IFERROR(RANK(E18,$E$7:$E$3390,),"") -> 11 | E18: =+IFERROR(INDEX('Restaurant Base (Hidden)'!$A$2:$Z$1048576,MATCH($C18,'Restaurant Base (Hidden)'!$C$2:$C$1048576,0),MATCH(E$6,'Restaurant Base (Hidden)'!$A$1:$Z$1,0)),"") -> 3.82 | F18: =+IFERROR(INDEX('Restaurant Base (Hidden)'!$A$2:$Z$1048576,MATCH($C18,'Restaurant Base (Hidden)'!$C$2:$C$1048576,0),MATCH(F$6,'Restaurant Base (Hidden)'!$A$1:$Z$1,0)),"") | G18: =+IFERROR(INDEX('Restaurant Base (Hidden)'!$A$2:$Z$1048576,MATCH($C18,'Restaurant Base (Hidden)'!$C$2:$C$1048576,0),MATCH(G$6,'Restaurant Base (Hidden)'!$A$1:$Z$1,0)),"") -> 4,464 | H18: =+IFERROR(INDEX('Restaurant Base (Hidden)'!$A$2:$Z$1048576,MATCH($C18,'Restaurant Base (Hidden)'!$C$2:$C$1048576,0),MATCH(H$6,'Restaurant Base (Hidden)'!$A$1:$Z$1,0)),"") -> 4 | I18: =+IFERROR(INDEX('Restaurant Base (Hidden)'!$A$2:$Z$1048576,MATCH($C18,'Restaurant Base (Hidden)'!$C$2:$C$1048576,0),MATCH(I$6,'Restaurant Base (Hidden)'!$A$1:$Z$1,0)),"") -> 80,90 % | J18: =+IFERROR(INDEX('Restaurant Base (Hidden)'!$A$2:$Z$1048576,MATCH($C18,'Restaurant Base (Hidden)'!$C$2:$C$1048576,0),MATCH(J$6,'Restaurant Base (Hidden)'!$A$1:$Z$1,0)),"") -> 2 | K18: =+IFERROR(INDEX('Restaurant Base (Hidden)'!$A$2:$Z$1048576,MATCH($C18,'Restaurant Base (Hidden)'!$C$2:$C$1048576,0),MATCH(K$6,'Restaurant Base (Hidden)'!$A$1:$Z$1,0)),"") -> 0,099 | L18: =+IFERROR(INDEX('Restaurant Base (Hidden)'!$A$2:$Z$1048576,MATCH($C18,'Restaurant Base (Hidden)'!$C$2:$C$1048576,0),MATCH(L$6,'Restaurant Base (Hidden)'!$A$1:$Z$1,0)),"") -> 4 | ... AG18: =+IFERROR(INDEX('Restaurant Base (Hidden)'!$A$2:$Z$1048576,MATCH($C18,'Restaurant Base (Hidden)'!$C$2:$C$1048576,0),MATCH(AG$6,'Restaurant Base (Hidden)'!$A$1:$Z$1,0)),"") -> 4
A19: =IF('Restaurant Base (Hidden)'!A162=0,"", 'Restaurant Base (Hidden)'!A162) -> Quinn Westbrook | B19: =IF('Restaurant Base (Hidden)'!B162=0,"", 'Restaurant Base (Hidden)'!B162) -> Northstar Dining Group | C19: =IF('Restaurant Base (Hidden)'!C162=0,"", 'Restaurant Base (Hidden)'!C162) -> Emerald Quay | D19: =+IFERROR(RANK(E19,$E$7:$E$3390,),"") -> 13 | E19: =+IFERROR(INDEX('Restaurant Base (Hidden)'!$A$2:$Z$1048576,MATCH($C19,'Restaurant Base (Hidden)'!$C$2:$C$1048576,0),MATCH(E$6,'Restaurant Base (Hidden)'!$A$1:$Z$1,0)),"") -> 3.81 | F19: =+IFERROR(INDEX('Restaurant Base (Hidden)'!$A$2:$Z$1048576,MATCH($C19,'Restaurant Base (Hidden)'!$C$2:$C$1048576,0),MATCH(F$6,'Restaurant Base (Hidden)'!$A$1:$Z$1,0)),"") | G19: =+IFERROR(INDEX('Restaurant Base (Hidden)'!$A$2:$Z$1048576,MATCH($C19,'Restaurant Base (Hidden)'!$C$2:$C$1048576,0),MATCH(G$6,'Restaurant Base (Hidden)'!$A$1:$Z$1,0)),"") -> 4,020 | H19: =+IFERROR(INDEX('Restaurant Base (Hidden)'!$A$2:$Z$1048576,MATCH($C19,'Restaurant Base (Hidden)'!$C$2:$C$1048576,0),MATCH(H$6,'Restaurant Base (Hidden)'!$A$1:$Z$1,0)),"") -> 1 | I19: =+IFERROR(INDEX('Restaurant Base (Hidden)'!$A$2:$Z$1048576,MATCH($C19,'Restaurant Base (Hidden)'!$C$2:$C$1048576,0),MATCH(I$6,'Restaurant Base (Hidden)'!$A$1:$Z$1,0)),"") -> 99,20 % | J19: =+IFERROR(INDEX('Restaurant Base (Hidden)'!$A$2:$Z$1048576,MATCH($C19,'Restaurant Base (Hidden)'!$C$2:$C$1048576,0),MATCH(J$6,'Restaurant Base (Hidden)'!$A$1:$Z$1,0)),"") -> 5 | K19: =+IFERROR(INDEX('Restaurant Base (Hidden)'!$A$2:$Z$1048576,MATCH($C19,'Restaurant Base (Hidden)'!$C$2:$C$1048576,0),MATCH(K$6,'Restaurant Base (Hidden)'!$A$1:$Z$1,0)),"") -> 0,119 | L19: =+IFERROR(INDEX('Restaurant Base (Hidden)'!$A$2:$Z$1048576,MATCH($C19,'Restaurant Base (Hidden)'!$C$2:$C$1048576,0),MATCH(L$6,'Restaurant Base (Hidden)'!$A$1:$Z$1,0)),"") -> 3 | ... AG19: =+IFERROR(INDEX('Restaurant Base (Hidden)'!$A$2:$Z$1048576,MATCH($C19,'Restaurant Base (Hidden)'!$C$2:$C$1048576,0),MATCH(AG$6,'Restaurant Base (Hidden)'!$A$1:$Z$1,0)),"") -> 3
A20: =IF('Restaurant Base (Hidden)'!A265=0,"", 'Restaurant Base (Hidden)'!A265) -> Casey Briarwood | B20: =IF('Restaurant Base (Hidden)'!B265=0,"", 'Restaurant Base (Hidden)'!B265) -> Lakeshore Food Partners | C20: =IF('Restaurant Base (Hidden)'!C265=0,"", 'Restaurant Base (Hidden)'!C265) -> Meadow Heights | D20: =+IFERROR(RANK(E20,$E$7:$E$3390,),"") -> 14 | E20: =+IFERROR(INDEX('Restaurant Base (Hidden)'!$A$2:$Z$1048576,MATCH($C20,'Restaurant Base (Hidden)'!$C$2:$C$1048576,0),MATCH(E$6,'Restaurant Base (Hidden)'!$A$1:$Z$1,0)),"") -> 3.78 | F20: =+IFERROR(INDEX('Restaurant Base (Hidden)'!$A$2:$Z$1048576,MATCH($C20,'Restaurant Base (Hidden)'!$C$2:$C$1048576,0),MATCH(F$6,'Restaurant Base (Hidden)'!$A$1:$Z$1,0)),"") | G20: =+IFERROR(INDEX('Restaurant Base (Hidden)'!$A$2:$Z$1048576,MATCH($C20,'Restaurant Base (Hidden)'!$C$2:$C$1048576,0),MATCH(G$6,'Restaurant Base (Hidden)'!$A$1:$Z$1,0)),"") -> 4,203 | H20: =+IFERROR(INDEX('Restaurant Base (Hidden)'!$A$2:$Z$1048576,MATCH($C20,'Restaurant Base (Hidden)'!$C$2:$C$1048576,0),MATCH(H$6,'Restaurant Base (Hidden)'!$A$1:$Z$1,0)),"") -> 3 | I20: =+IFERROR(INDEX('Restaurant Base (Hidden)'!$A$2:$Z$1048576,MATCH($C20,'Restaurant Base (Hidden)'!$C$2:$C$1048576,0),MATCH(I$6,'Restaurant Base (Hidden)'!$A$1:$Z$1,0)),"") -> 88,00 % | J20: =+IFERROR(INDEX('Restaurant Base (Hidden)'!$A$2:$Z$1048576,MATCH($C20,'Restaurant Base (Hidden)'!$C$2:$C$1048576,0),MATCH(J$6,'Restaurant Base (Hidden)'!$A$1:$Z$1,0)),"") -> 4 | K20: =+IFERROR(INDEX('Restaurant Base (Hidden)'!$A$2:$Z$1048576,MATCH($C20,'Restaurant Base (Hidden)'!$C$2:$C$1048576,0),MATCH(K$6,'Restaurant Base (Hidden)'!$A$1:$Z$1,0)),"") -> 0,099 | L20: =+IFERROR(INDEX('Restaurant Base (Hidden)'!$A$2:$Z$1048576,MATCH($C20,'Restaurant Base (Hidden)'!$C$2:$C$1048576,0),MATCH(L$6,'Restaurant Base (Hidden)'!$A$1:$Z$1,0)),"") -> 4 | ... AG20: =+IFERROR(INDEX('Restaurant Base (Hidden)'!$A$2:$Z$1048576,MATCH($C20,'Restaurant Base (Hidden)'!$C$2:$C$1048576,0),MATCH(AG$6,'Restaurant Base (Hidden)'!$A$1:$Z$1,0)),"") -> 3
A21: =IF('Restaurant Base (Hidden)'!A269=0,"", 'Restaurant Base (Hidden)'!A269) -> Finley Kensington | B21: =IF('Restaurant Base (Hidden)'!B269=0,"", 'Restaurant Base (Hidden)'!B269) -> Westfield Food Group | C21: =IF('Restaurant Base (Hidden)'!C269=0,"", 'Restaurant Base (Hidden)'!C269) -> Glen Heath | D21: =+IFERROR(RANK(E21,$E$7:$E$3390,),"") -> 14 | E21: =+IFERROR(INDEX('Restaurant Base (Hidden)'!$A$2:$Z$1048576,MATCH($C21,'Restaurant Base (Hidden)'!$C$2:$C$1048576,0),MATCH(E$6,'Restaurant Base (Hidden)'!$A$1:$Z$1,0)),"") -> 3.78 | F21: =+IFERROR(INDEX('Restaurant Base (Hidden)'!$A$2:$Z$1048576,MATCH($C21,'Restaurant Base (Hidden)'!$C$2:$C$1048576,0),MATCH(F$6,'Restaurant Base (Hidden)'!$A$1:$Z$1,0)),"") | G21: =+IFERROR(INDEX('Restaurant Base (Hidden)'!$A$2:$Z$1048576,MATCH($C21,'Restaurant Base (Hidden)'!$C$2:$C$1048576,0),MATCH(G$6,'Restaurant Base (Hidden)'!$A$1:$Z$1,0)),"") -> 4,263 | H21: =+IFERROR(INDEX('Restaurant Base (Hidden)'!$A$2:$Z$1048576,MATCH($C21,'Restaurant Base (Hidden)'!$C$2:$C$1048576,0),MATCH(H$6,'Restaurant Base (Hidden)'!$A$1:$Z$1,0)),"") -> 3 | I21: =+IFERROR(INDEX('Restaurant Base (Hidden)'!$A$2:$Z$1048576,MATCH($C21,'Restaurant Base (Hidden)'!$C$2:$C$1048576,0),MATCH(I$6,'Restaurant Base (Hidden)'!$A$1:$Z$1,0)),"") -> 86,30 % | J21: =+IFERROR(INDEX('Restaurant Base (Hidden)'!$A$2:$Z$1048576,MATCH($C21,'Restaurant Base (Hidden)'!$C$2:$C$1048576,0),MATCH(J$6,'Restaurant Base (Hidden)'!$A$1:$Z$1,0)),"") -> 3 | K21: =+IFERROR(INDEX('Restaurant Base (Hidden)'!$A$2:$Z$1048576,MATCH($C21,'Restaurant Base (Hidden)'!$C$2:$C$1048576,0),MATCH(K$6,'Restaurant Base (Hidden)'!$A$1:$Z$1,0)),"") -> 0,104 | L21: =+IFERROR(INDEX('Restaurant Base (Hidden)'!$A$2:$Z$1048576,MATCH($C21,'Restaurant Base (Hidden)'!$C$2:$C$1048576,0),MATCH(L$6,'Restaurant Base (Hidden)'!$A$1:$Z$1,0)),"") -> 3 | ... AG21: =+IFERROR(INDEX('Restaurant Base (Hidden)'!$A$2:$Z$1048576,MATCH($C21,'Restaurant Base (Hidden)'!$C$2:$C$1048576,0),MATCH(AG$6,'Restaurant Base (Hidden)'!$A$1:$Z$1,0)),"") -> 5
A22: =IF('Restaurant Base (Hidden)'!A311=0,"", 'Restaurant Base (Hidden)'!A311) -> Skyler Everhart | B22: =IF('Restaurant Base (Hidden)'!B311=0,"", 'Restaurant Base (Hidden)'!B311) -> Rosebridge Hospitality | C22: =IF('Restaurant Base (Hidden)'!C311=0,"", 'Restaurant Base (Hidden)'!C311) -> Crown Court | D22: =+IFERROR(RANK(E22,$E$7:$E$3390,),"") -> 14 | E22: =+IFERROR(INDEX('Restaurant Base (Hidden)'!$A$2:$Z$1048576,MATCH($C22,'Restaurant Base (Hidden)'!$C$2:$C$1048576,0),MATCH(E$6,'Restaurant Base (Hidden)'!$A$1:$Z$1,0)),"") -> 3.78 | F22: =+IFERROR(INDEX('Restaurant Base (Hidden)'!$A$2:$Z$1048576,MATCH($C22,'Restaurant Base (Hidden)'!$C$2:$C$1048576,0),MATCH(F$6,'Restaurant Base (Hidden)'!$A$1:$Z$1,0)),"") | G22: =+IFERROR(INDEX('Restaurant Base (Hidden)'!$A$2:$Z$1048576,MATCH($C22,'Restaurant Base (Hidden)'!$C$2:$C$1048576,0),MATCH(G$6,'Restaurant Base (Hidden)'!$A$1:$Z$1,0)),"") -> 4,455 | H22: =+IFERROR(INDEX('Restaurant Base (Hidden)'!$A$2:$Z$1048576,MATCH($C22,'Restaurant Base (Hidden)'!$C$2:$C$1048576,0),MATCH(H$6,'Restaurant Base (Hidden)'!$A$1:$Z$1,0)),"") -> 4 | I22: =+IFERROR(INDEX('Restaurant Base (Hidden)'!$A$2:$Z$1048576,MATCH($C22,'Restaurant Base (Hidden)'!$C$2:$C$1048576,0),MATCH(I$6,'Restaurant Base (Hidden)'!$A$1:$Z$1,0)),"") -> 97,60 % | J22: =+IFERROR(INDEX('Restaurant Base (Hidden)'!$A$2:$Z$1048576,MATCH($C22,'Restaurant Base (Hidden)'!$C$2:$C$1048576,0),MATCH(J$6,'Restaurant Base (Hidden)'!$A$1:$Z$1,0)),"") -> 5 | K22: =+IFERROR(INDEX('Restaurant Base (Hidden)'!$A$2:$Z$1048576,MATCH($C22,'Restaurant Base (Hidden)'!$C$2:$C$1048576,0),MATCH(K$6,'Restaurant Base (Hidden)'!$A$1:$Z$1,0)),"") -> 0,072 | L22: =+IFERROR(INDEX('Restaurant Base (Hidden)'!$A$2:$Z$1048576,MATCH($C22,'Restaurant Base (Hidden)'!$C$2:$C$1048576,0),MATCH(L$6,'Restaurant Base (Hidden)'!$A$1:$Z$1,0)),"") -> 4 | ... AG22: =+IFERROR(INDEX('Restaurant Base (Hidden)'!$A$2:$Z$1048576,MATCH($C22,'Restaurant Base (Hidden)'!$C$2:$C$1048576,0),MATCH(AG$6,'Restaurant Base (Hidden)'!$A$1:$Z$1,0)),"") -> 1
A23: =IF('Restaurant Base (Hidden)'!A136=0,"", 'Restaurant Base (Hidden)'!A136) -> Rowan Kingsley | B23: =IF('Restaurant Base (Hidden)'!B136=0,"", 'Restaurant Base (Hidden)'!B136) -> Redwood Food Partners | C23: =IF('Restaurant Base (Hidden)'!C136=0,"", 'Restaurant Base (Hidden)'!C136) -> River Place | D23: =+IFERROR(RANK(E23,$E$7:$E$3390,),"") -> 17 | E23: =+IFERROR(INDEX('Restaurant Base (Hidden)'!$A$2:$Z$1048576,MATCH($C23,'Restaurant Base (Hidden)'!$C$2:$C$1048576,0),MATCH(E$6,'Restaurant Base (Hidden)'!$A$1:$Z$1,0)),"") -> 3.77 | F23: =+IFERROR(INDEX('Restaurant Base (Hidden)'!$A$2:$Z$1048576,MATCH($C23,'Restaurant Base (Hidden)'!$C$2:$C$1048576,0),MATCH(F$6,'Restaurant Base (Hidden)'!$A$1:$Z$1,0)),"") | G23: =+IFERROR(INDEX('Restaurant Base (Hidden)'!$A$2:$Z$1048576,MATCH($C23,'Restaurant Base (Hidden)'!$C$2:$C$1048576,0),MATCH(G$6,'Restaurant Base (Hidden)'!$A$1:$Z$1,0)),"") -> 4,582 | H23: =+IFERROR(INDEX('Restaurant Base (Hidden)'!$A$2:$Z$1048576,MATCH($C23,'Restaurant Base (Hidden)'!$C$2:$C$1048576,0),MATCH(H$6,'Restaurant Base (Hidden)'!$A$1:$Z$1,0)),"") -> 5 | I23: =+IFERROR(INDEX('Restaurant Base (Hidden)'!$A$2:$Z$1048576,MATCH($C23,'Restaurant Base (Hidden)'!$C$2:$C$1048576,0),MATCH(I$6,'Restaurant Base (Hidden)'!$A$1:$Z$1,0)),"") -> 96,00 % | J23: =+IFERROR(INDEX('Restaurant Base (Hidden)'!$A$2:$Z$1048576,MATCH($C23,'Restaurant Base (Hidden)'!$C$2:$C$1048576,0),MATCH(J$6,'Restaurant Base (Hidden)'!$A$1:$Z$1,0)),"") -> 5 | K23: =+IFERROR(INDEX('Restaurant Base (Hidden)'!$A$2:$Z$1048576,MATCH($C23,'Restaurant Base (Hidden)'!$C$2:$C$1048576,0),MATCH(K$6,'Restaurant Base (Hidden)'!$A$1:$Z$1,0)),"") -> 0,109 | L23: =+IFERROR(INDEX('Restaurant Base (Hidden)'!$A$2:$Z$1048576,MATCH($C23,'Restaurant Base (Hidden)'!$C$2:$C$1048576,0),MATCH(L$6,'Restaurant Base (Hidden)'!$A$1:$Z$1,0)),"") -> 3 | ... AG23: =+IFERROR(INDEX('Restaurant Base (Hidden)'!$A$2:$Z$1048576,MATCH($C23,'Restaurant Base (Hidden)'!$C$2:$C$1048576,0),MATCH(AG$6,'Restaurant Base (Hidden)'!$A$1:$Z$1,0)),"") -> 3
A24: =IF('Restaurant Base (Hidden)'!A226=0,"", 'Restaurant Base (Hidden)'!A226) -> Arden Brookstone | B24: =IF('Restaurant Base (Hidden)'!B226=0,"", 'Restaurant Base (Hidden)'!B226) -> Highland Crest Restaurants | C24: =IF('Restaurant Base (Hidden)'!C226=0,"", 'Restaurant Base (Hidden)'!C226) -> Highland Crescent | D24: =+IFERROR(RANK(E24,$E$7:$E$3390,),"") -> 17 | E24: =+IFERROR(INDEX('Restaurant Base (Hidden)'!$A$2:$Z$1048576,MATCH($C24,'Restaurant Base (Hidden)'!$C$2:$C$1048576,0),MATCH(E$6,'Restaurant Base (Hidden)'!$A$1:$Z$1,0)),"") -> 3.77 | F24: =+IFERROR(INDEX('Restaurant Base (Hidden)'!$A$2:$Z$1048576,MATCH($C24,'Restaurant Base (Hidden)'!$C$2:$C$1048576,0),MATCH(F$6,'Restaurant Base (Hidden)'!$A$1:$Z$1,0)),"") | G24: =+IFERROR(INDEX('Restaurant Base (Hidden)'!$A$2:$Z$1048576,MATCH($C24,'Restaurant Base (Hidden)'!$C$2:$C$1048576,0),MATCH(G$6,'Restaurant Base (Hidden)'!$A$1:$Z$1,0)),"") -> 4,481 | H24: =+IFERROR(INDEX('Restaurant Base (Hidden)'!$A$2:$Z$1048576,MATCH($C24,'Restaurant Base (Hidden)'!$C$2:$C$1048576,0),MATCH(H$6,'Restaurant Base (Hidden)'!$A$1:$Z$1,0)),"") -> 4 | I24: =+IFERROR(INDEX('Restaurant Base (Hidden)'!$A$2:$Z$1048576,MATCH($C24,'Restaurant Base (Hidden)'!$C$2:$C$1048576,0),MATCH(I$6,'Restaurant Base (Hidden)'!$A$1:$Z$1,0)),"") -> 55,70 % | J24: =+IFERROR(INDEX('Restaurant Base (Hidden)'!$A$2:$Z$1048576,MATCH($C24,'Restaurant Base (Hidden)'!$C$2:$C$1048576,0),MATCH(J$6,'Restaurant Base (Hidden)'!$A$1:$Z$1,0)),"") -> 1 | K24: =+IFERROR(INDEX('Restaurant Base (Hidden)'!$A$2:$Z$1048576,MATCH($C24,'Restaurant Base (Hidden)'!$C$2:$C$1048576,0),MATCH(K$6,'Restaurant Base (Hidden)'!$A$1:$Z$1,0)),"") -> 0,068 | L24: =+IFERROR(INDEX('Restaurant Base (Hidden)'!$A$2:$Z$1048576,MATCH($C24,'Restaurant Base (Hidden)'!$C$2:$C$1048576,0),MATCH(L$6,'Restaurant Base (Hidden)'!$A$1:$Z$1,0)),"") -> 4 | ... AG24: =+IFERROR(INDEX('Restaurant Base (Hidden)'!$A$2:$Z$1048576,MATCH($C24,'Restaurant Base (Hidden)'!$C$2:$C$1048576,0),MATCH(AG$6,'Restaurant Base (Hidden)'!$A$1:$Z$1,0)),"") -> 4
A25: =IF('Restaurant Base (Hidden)'!A240=0,"", 'Restaurant Base (Hidden)'!A240) -> Finley Kensington | B25: =IF('Restaurant Base (Hidden)'!B240=0,"", 'Restaurant Base (Hidden)'!B240) -> Elmwood Dining Group | C25: =IF('Restaurant Base (Hidden)'!C240=0,"", 'Restaurant Base (Hidden)'!C240) -> Silverbrook Commons | D25: =+IFERROR(RANK(E25,$E$7:$E$3390,),"") -> 19 | E25: =+IFERROR(INDEX('Restaurant Base (Hidden)'!$A$2:$Z$1048576,MATCH($C25,'Restaurant Base (Hidden)'!$C$2:$C$1048576,0),MATCH(E$6,'Restaurant Base (Hidden)'!$A$1:$Z$1,0)),"") -> 3.75 | F25: =+IFERROR(INDEX('Restaurant Base (Hidden)'!$A$2:$Z$1048576,MATCH($C25,'Restaurant Base (Hidden)'!$C$2:$C$1048576,0),MATCH(F$6,'Restaurant Base (Hidden)'!$A$1:$Z$1,0)),"") | G25: =+IFERROR(INDEX('Restaurant Base (Hidden)'!$A$2:$Z$1048576,MATCH($C25,'Restaurant Base (Hidden)'!$C$2:$C$1048576,0),MATCH(G$6,'Restaurant Base (Hidden)'!$A$1:$Z$1,0)),"") -> 4,360 | H25: =+IFERROR(INDEX('Restaurant Base (Hidden)'!$A$2:$Z$1048576,MATCH($C25,'Restaurant Base (Hidden)'!$C$2:$C$1048576,0),MATCH(H$6,'Restaurant Base (Hidden)'!$A$1:$Z$1,0)),"") -> 4 | I25: =+IFERROR(INDEX('Restaurant Base (Hidden)'!$A$2:$Z$1048576,MATCH($C25,'Restaurant Base (Hidden)'!$C$2:$C$1048576,0),MATCH(I$6,'Restaurant Base (Hidden)'!$A$1:$Z$1,0)),"") -> 94,40 % | J25: =+IFERROR(INDEX('Restaurant Base (Hidden)'!$A$2:$Z$1048576,MATCH($C25,'Restaurant Base (Hidden)'!$C$2:$C$1048576,0),MATCH(J$6,'Restaurant Base (Hidden)'!$A$1:$Z$1,0)),"") -> 5 | K25: =+IFERROR(INDEX('Restaurant Base (Hidden)'!$A$2:$Z$1048576,MATCH($C25,'Restaurant Base (Hidden)'!$C$2:$C$1048576,0),MATCH(K$6,'Restaurant Base (Hidden)'!$A$1:$Z$1,0)),"") -> 0,110 | L25: =+IFERROR(INDEX('Restaurant Base (Hidden)'!$A$2:$Z$1048576,MATCH($C25,'Restaurant Base (Hidden)'!$C$2:$C$1048576,0),MATCH(L$6,'Restaurant Base (Hidden)'!$A$1:$Z$1,0)),"") -> 3 | ... AG25: =+IFERROR(INDEX('Restaurant Base (Hidden)'!$A$2:$Z$1048576,MATCH($C25,'Restaurant Base (Hidden)'!$C$2:$C$1048576,0),MATCH(AG$6,'Restaurant Base (Hidden)'!$A$1:$Z$1,0)),"") -> 5
A26: =IF('Restaurant Base (Hidden)'!A62=0,"", 'Restaurant Base (Hidden)'!A62) -> Casey Briarwood | B26: =IF('Restaurant Base (Hidden)'!B62=0,"", 'Restaurant Base (Hidden)'!B62) -> Eastmere Foods | C26: =IF('Restaurant Base (Hidden)'!C62=0,"", 'Restaurant Base (Hidden)'!C62) -> Hilltop Quay | D26: =+IFERROR(RANK(E26,$E$7:$E$3390,),"") -> 20 | E26: =+IFERROR(INDEX('Restaurant Base (Hidden)'!$A$2:$Z$1048576,MATCH($C26,'Restaurant Base (Hidden)'!$C$2:$C$1048576,0),MATCH(E$6,'Restaurant Base (Hidden)'!$A$1:$Z$1,0)),"") -> 3.74 | F26: =+IFERROR(INDEX('Restaurant Base (Hidden)'!$A$2:$Z$1048576,MATCH($C26,'Restaurant Base (Hidden)'!$C$2:$C$1048576,0),MATCH(F$6,'Restaurant Base (Hidden)'!$A$1:$Z$1,0)),"") | G26: =+IFERROR(INDEX('Restaurant Base (Hidden)'!$A$2:$Z$1048576,MATCH($C26,'Restaurant Base (Hidden)'!$C$2:$C$1048576,0),MATCH(G$6,'Restaurant Base (Hidden)'!$A$1:$Z$1,0)),"") -> 4,574 | H26: =+IFERROR(INDEX('Restaurant Base (Hidden)'!$A$2:$Z$1048576,MATCH($C26,'Restaurant Base (Hidden)'!$C$2:$C$1048576,0),MATCH(H$6,'Restaurant Base (Hidden)'!$A$1:$Z$1,0)),"") -> 5 | I26: =+IFERROR(INDEX('Restaurant Base (Hidden)'!$A$2:$Z$1048576,MATCH($C26,'Restaurant Base (Hidden)'!$C$2:$C$1048576,0),MATCH(I$6,'Restaurant Base (Hidden)'!$A$1:$Z$1,0)),"") -> 93,10 % | J26: =+IFERROR(INDEX('Restaurant Base (Hidden)'!$A$2:$Z$1048576,MATCH($C26,'Restaurant Base (Hidden)'!$C$2:$C$1048576,0),MATCH(J$6,'Restaurant Base (Hidden)'!$A$1:$Z$1,0)),"") -> 4 | K26: =+IFERROR(INDEX('Restaurant Base (Hidden)'!$A$2:$Z$1048576,MATCH($C26,'Restaurant Base (Hidden)'!$C$2:$C$1048576,0),MATCH(K$6,'Restaurant Base (Hidden)'!$A$1:$Z$1,0)),"") -> 0,116 | L26: =+IFERROR(INDEX('Restaurant Base (Hidden)'!$A$2:$Z$1048576,MATCH($C26,'Restaurant Base (Hidden)'!$C$2:$C$1048576,0),MATCH(L$6,'Restaurant Base (Hidden)'!$A$1:$Z$1,0)),"") -> 3 | ... AG26: =+IFERROR(INDEX('Restaurant Base (Hidden)'!$A$2:$Z$1048576,MATCH($C26,'Restaurant Base (Hidden)'!$C$2:$C$1048576,0),MATCH(AG$6,'Restaurant Base (Hidden)'!$A$1:$Z$1,0)),"") -> 3
A27: =IF('Restaurant Base (Hidden)'!A330=0,"", 'Restaurant Base (Hidden)'!A330) -> Jamie Northcott | B27: =IF('Restaurant Base (Hidden)'!B330=0,"", 'Restaurant Base (Hidden)'!B330) -> Evercrest Restaurants | C27: =IF('Restaurant Base (Hidden)'!C330=0,"", 'Restaurant Base (Hidden)'!C330) -> Parkside Grove | D27: =+IFERROR(RANK(E27,$E$7:$E$3390,),"") -> 20 | E27: =+IFERROR(INDEX('Restaurant Base (Hidden)'!$A$2:$Z$1048576,MATCH($C27,'Restaurant Base (Hidden)'!$C$2:$C$1048576,0),MATCH(E$6,'Restaurant Base (Hidden)'!$A$1:$Z$1,0)),"") -> 3.74 | F27: =+IFERROR(INDEX('Restaurant Base (Hidden)'!$A$2:$Z$1048576,MATCH($C27,'Restaurant Base (Hidden)'!$C$2:$C$1048576,0),MATCH(F$6,'Restaurant Base (Hidden)'!$A$1:$Z$1,0)),"") | G27: =+IFERROR(INDEX('Restaurant Base (Hidden)'!$A$2:$Z$1048576,MATCH($C27,'Restaurant Base (Hidden)'!$C$2:$C$1048576,0),MATCH(G$6,'Restaurant Base (Hidden)'!$A$1:$Z$1,0)),"") -> 4,750 | H27: =+IFERROR(INDEX('Restaurant Base (Hidden)'!$A$2:$Z$1048576,MATCH($C27,'Restaurant Base (Hidden)'!$C$2:$C$1048576,0),MATCH(H$6,'Restaurant Base (Hidden)'!$A$1:$Z$1,0)),"") -> 5 | I27: =+IFERROR(INDEX('Restaurant Base (Hidden)'!$A$2:$Z$1048576,MATCH($C27,'Restaurant Base (Hidden)'!$C$2:$C$1048576,0),MATCH(I$6,'Restaurant Base (Hidden)'!$A$1:$Z$1,0)),"") -> 79,70 % | J27: =+IFERROR(INDEX('Restaurant Base (Hidden)'!$A$2:$Z$1048576,MATCH($C27,'Restaurant Base (Hidden)'!$C$2:$C$1048576,0),MATCH(J$6,'Restaurant Base (Hidden)'!$A$1:$Z$1,0)),"") -> 2 | K27: =+IFERROR(INDEX('Restaurant Base (Hidden)'!$A$2:$Z$1048576,MATCH($C27,'Restaurant Base (Hidden)'!$C$2:$C$1048576,0),MATCH(K$6,'Restaurant Base (Hidden)'!$A$1:$Z$1,0)),"") -> 0,047 | L27: =+IFERROR(INDEX('Restaurant Base (Hidden)'!$A$2:$Z$1048576,MATCH($C27,'Restaurant Base (Hidden)'!$C$2:$C$1048576,0),MATCH(L$6,'Restaurant Base (Hidden)'!$A$1:$Z$1,0)),"") -> 5 | ... AG27: =+IFERROR(INDEX('Restaurant Base (Hidden)'!$A$2:$Z$1048576,MATCH($C27,'Restaurant Base (Hidden)'!$C$2:$C$1048576,0),MATCH(AG$6,'Restaurant Base (Hidden)'!$A$1:$Z$1,0)),"") -> 3
A28: =IF('Restaurant Base (Hidden)'!A76=0,"", 'Restaurant Base (Hidden)'!A76) -> Reese Whitmore | B28: =IF('Restaurant Base (Hidden)'!B76=0,"", 'Restaurant Base (Hidden)'!B76) -> Crestwood Dining | C28: =IF('Restaurant Base (Hidden)'!C76=0,"", 'Restaurant Base (Hidden)'!C76) -> Highland Quay | D28: =+IFERROR(RANK(E28,$E$7:$E$3390,),"") -> 22 | E28: =+IFERROR(INDEX('Restaurant Base (Hidden)'!$A$2:$Z$1048576,MATCH($C28,'Restaurant Base (Hidden)'!$C$2:$C$1048576,0),MATCH(E$6,'Restaurant Base (Hidden)'!$A$1:$Z$1,0)),"") -> 3.72 | F28: =+IFERROR(INDEX('Restaurant Base (Hidden)'!$A$2:$Z$1048576,MATCH($C28,'Restaurant Base (Hidden)'!$C$2:$C$1048576,0),MATCH(F$6,'Restaurant Base (Hidden)'!$A$1:$Z$1,0)),"") | G28: =+IFERROR(INDEX('Restaurant Base (Hidden)'!$A$2:$Z$1048576,MATCH($C28,'Restaurant Base (Hidden)'!$C$2:$C$1048576,0),MATCH(G$6,'Restaurant Base (Hidden)'!$A$1:$Z$1,0)),"") -> 4,576 | H28: =+IFERROR(INDEX('Restaurant Base (Hidden)'!$A$2:$Z$1048576,MATCH($C28,'Restaurant Base (Hidden)'!$C$2:$C$1048576,0),MATCH(H$6,'Restaurant Base (Hidden)'!$A$1:$Z$1,0)),"") -> 5 | I28: =+IFERROR(INDEX('Restaurant Base (Hidden)'!$A$2:$Z$1048576,MATCH($C28,'Restaurant Base (Hidden)'!$C$2:$C$1048576,0),MATCH(I$6,'Restaurant Base (Hidden)'!$A$1:$Z$1,0)),"") -> 91,80 % | J28: =+IFERROR(INDEX('Restaurant Base (Hidden)'!$A$2:$Z$1048576,MATCH($C28,'Restaurant Base (Hidden)'!$C$2:$C$1048576,0),MATCH(J$6,'Restaurant Base (Hidden)'!$A$1:$Z$1,0)),"") -> 4 | K28: =+IFERROR(INDEX('Restaurant Base (Hidden)'!$A$2:$Z$1048576,MATCH($C28,'Restaurant Base (Hidden)'!$C$2:$C$1048576,0),MATCH(K$6,'Restaurant Base (Hidden)'!$A$1:$Z$1,0)),"") -> 0,085 | L28: =+IFERROR(INDEX('Restaurant Base (Hidden)'!$A$2:$Z$1048576,MATCH($C28,'Restaurant Base (Hidden)'!$C$2:$C$1048576,0),MATCH(L$6,'Restaurant Base (Hidden)'!$A$1:$Z$1,0)),"") -> 4 | ... AG28: =+IFERROR(INDEX('Restaurant Base (Hidden)'!$A$2:$Z$1048576,MATCH($C28,'Restaurant Base (Hidden)'!$C$2:$C$1048576,0),MATCH(AG$6,'Restaurant Base (Hidden)'!$A$1:$Z$1,0)),"") -> 4
A29: =IF('Restaurant Base (Hidden)'!A80=0,"", 'Restaurant Base (Hidden)'!A80) -> Taylor Hartwell | B29: =IF('Restaurant Base (Hidden)'!B80=0,"", 'Restaurant Base (Hidden)'!B80) -> Elmwood Dining Group | C29: =IF('Restaurant Base (Hidden)'!C80=0,"", 'Restaurant Base (Hidden)'!C80) -> Riverside Gardens | D29: =+IFERROR(RANK(E29,$E$7:$E$3390,),"") -> 22 | E29: =+IFERROR(INDEX('Restaurant Base (Hidden)'!$A$2:$Z$1048576,MATCH($C29,'Restaurant Base (Hidden)'!$C$2:$C$1048576,0),MATCH(E$6,'Restaurant Base (Hidden)'!$A$1:$Z$1,0)),"") -> 3.72 | F29: =+IFERROR(INDEX('Restaurant Base (Hidden)'!$A$2:$Z$1048576,MATCH($C29,'Restaurant Base (Hidden)'!$C$2:$C$1048576,0),MATCH(F$6,'Restaurant Base (Hidden)'!$A$1:$Z$1,0)),"") | G29: =+IFERROR(INDEX('Restaurant Base (Hidden)'!$A$2:$Z$1048576,MATCH($C29,'Restaurant Base (Hidden)'!$C$2:$C$1048576,0),MATCH(G$6,'Restaurant Base (Hidden)'!$A$1:$Z$1,0)),"") -> 4,126 | H29: =+IFERROR(INDEX('Restaurant Base (Hidden)'!$A$2:$Z$1048576,MATCH($C29,'Restaurant Base (Hidden)'!$C$2:$C$1048576,0),MATCH(H$6,'Restaurant Base (Hidden)'!$A$1:$Z$1,0)),"") -> 2 | I29: =+IFERROR(INDEX('Restaurant Base (Hidden)'!$A$2:$Z$1048576,MATCH($C29,'Restaurant Base (Hidden)'!$C$2:$C$1048576,0),MATCH(I$6,'Restaurant Base (Hidden)'!$A$1:$Z$1,0)),"") -> 92,90 % | J29: =+IFERROR(INDEX('Restaurant Base (Hidden)'!$A$2:$Z$1048576,MATCH($C29,'Restaurant Base (Hidden)'!$C$2:$C$1048576,0),MATCH(J$6,'Restaurant Base (Hidden)'!$A$1:$Z$1,0)),"") -> 4 | K29: =+IFERROR(INDEX('Restaurant Base (Hidden)'!$A$2:$Z$1048576,MATCH($C29,'Restaurant Base (Hidden)'!$C$2:$C$1048576,0),MATCH(K$6,'Restaurant Base (Hidden)'!$A$1:$Z$1,0)),"") -> 0,053 | L29: =+IFERROR(INDEX('Restaurant Base (Hidden)'!$A$2:$Z$1048576,MATCH($C29,'Restaurant Base (Hidden)'!$C$2:$C$1048576,0),MATCH(L$6,'Restaurant Base (Hidden)'!$A$1:$Z$1,0)),"") -> 5 | ... AG29: =+IFERROR(INDEX('Restaurant Base (Hidden)'!$A$2:$Z$1048576,MATCH($C29,'Restaurant Base (Hidden)'!$C$2:$C$1048576,0),MATCH(AG$6,'Restaurant Base (Hidden)'!$A$1:$Z$1,0)),"") -> 3
A30: =IF('Restaurant Base (Hidden)'!A171=0,"", 'Restaurant Base (Hidden)'!A171) -> Dakota Cavendish | B30: =IF('Restaurant Base (Hidden)'!B171=0,"", 'Restaurant Base (Hidden)'!B171) -> Harborline Dining | C30: =IF('Restaurant Base (Hidden)'!C171=0,"", 'Restaurant Base (Hidden)'!C171) -> Meadow Place | D30: =+IFERROR(RANK(E30,$E$7:$E$3390,),"") -> 22 | E30: =+IFERROR(INDEX('Restaurant Base (Hidden)'!$A$2:$Z$1048576,MATCH($C30,'Restaurant Base (Hidden)'!$C$2:$C$1048576,0),MATCH(E$6,'Restaurant Base (Hidden)'!$A$1:$Z$1,0)),"") -> 3.72 | F30: =+IFERROR(INDEX('Restaurant Base (Hidden)'!$A$2:$Z$1048576,MATCH($C30,'Restaurant Base (Hidden)'!$C$2:$C$1048576,0),MATCH(F$6,'Restaurant Base (Hidden)'!$A$1:$Z$1,0)),"") | G30: =+IFERROR(INDEX('Restaurant Base (Hidden)'!$A$2:$Z$1048576,MATCH($C30,'Restaurant Base (Hidden)'!$C$2:$C$1048576,0),MATCH(G$6,'Restaurant Base (Hidden)'!$A$1:$Z$1,0)),"") -> 4,677 | H30: =+IFERROR(INDEX('Restaurant Base (Hidden)'!$A$2:$Z$1048576,MATCH($C30,'Restaurant Base (Hidden)'!$C$2:$C$1048576,0),MATCH(H$6,'Restaurant Base (Hidden)'!$A$1:$Z$1,0)),"") -> 5 | I30: =+IFERROR(INDEX('Restaurant Base (Hidden)'!$A$2:$Z$1048576,MATCH($C30,'Restaurant Base (Hidden)'!$C$2:$C$1048576,0),MATCH(I$6,'Restaurant Base (Hidden)'!$A$1:$Z$1,0)),"") -> 94,40 % | J30: =+IFERROR(INDEX('Restaurant Base (Hidden)'!$A$2:$Z$1048576,MATCH($C30,'Restaurant Base (Hidden)'!$C$2:$C$1048576,0),MATCH(J$6,'Restaurant Base (Hidden)'!$A$1:$Z$1,0)),"") -> 5 | K30: =+IFERROR(INDEX('Restaurant Base (Hidden)'!$A$2:$Z$1048576,MATCH($C30,'Restaurant Base (Hidden)'!$C$2:$C$1048576,0),MATCH(K$6,'Restaurant Base (Hidden)'!$A$1:$Z$1,0)),"") -> 0,158 | L30: =+IFERROR(INDEX('Restaurant Base (Hidden)'!$A$2:$Z$1048576,MATCH($C30,'Restaurant Base (Hidden)'!$C$2:$C$1048576,0),MATCH(L$6,'Restaurant Base (Hidden)'!$A$1:$Z$1,0)),"") -> 2 | ... AG30: =+IFERROR(INDEX('Restaurant Base (Hidden)'!$A$2:$Z$1048576,MATCH($C30,'Restaurant Base (Hidden)'!$C$2:$C$1048576,0),MATCH(AG$6,'Restaurant Base (Hidden)'!$A$1:$Z$1,0)),"") -> 4
A31: =IF('Restaurant Base (Hidden)'!A224=0,"", 'Restaurant Base (Hidden)'!A224) -> Skyler Everhart | B31: =IF('Restaurant Base (Hidden)'!B224=0,"", 'Restaurant Base (Hidden)'!B224) -> Brookvale Dining | C31: =IF('Restaurant Base (Hidden)'!C224=0,"", 'Restaurant Base (Hidden)'!C224) -> Royal Harbor | D31: =+IFERROR(RANK(E31,$E$7:$E$3390,),"") -> 22 | E31: =+IFERROR(INDEX('Restaurant Base (Hidden)'!$A$2:$Z$1048576,MATCH($C31,'Restaurant Base (Hidden)'!$C$2:$C$1048576,0),MATCH(E$6,'Restaurant Base (Hidden)'!$A$1:$Z$1,0)),"") -> 3.72 | F31: =+IFERROR(INDEX('Restaurant Base (Hidden)'!$A$2:$Z$1048576,MATCH($C31,'Restaurant Base (Hidden)'!$C$2:$C$1048576,0),MATCH(F$6,'Restaurant Base (Hidden)'!$A$1:$Z$1,0)),"") | G31: =+IFERROR(INDEX('Restaurant Base (Hidden)'!$A$2:$Z$1048576,MATCH($C31,'Restaurant Base (Hidden)'!$C$2:$C$1048576,0),MATCH(G$6,'Restaurant Base (Hidden)'!$A$1:$Z$1,0)),"") -> 4,399 | H31: =+IFERROR(INDEX('Restaurant Base (Hidden)'!$A$2:$Z$1048576,MATCH($C31,'Restaurant Base (Hidden)'!$C$2:$C$1048576,0),MATCH(H$6,'Restaurant Base (Hidden)'!$A$1:$Z$1,0)),"") -> 4 | I31: =+IFERROR(INDEX('Restaurant Base (Hidden)'!$A$2:$Z$1048576,MATCH($C31,'Restaurant Base (Hidden)'!$C$2:$C$1048576,0),MATCH(I$6,'Restaurant Base (Hidden)'!$A$1:$Z$1,0)),"") -> 92,30 % | J31: =+IFERROR(INDEX('Restaurant Base (Hidden)'!$A$2:$Z$1048576,MATCH($C31,'Restaurant Base (Hidden)'!$C$2:$C$1048576,0),MATCH(J$6,'Restaurant Base (Hidden)'!$A$1:$Z$1,0)),"") -> 4 | K31: =+IFERROR(INDEX('Restaurant Base (Hidden)'!$A$2:$Z$1048576,MATCH($C31,'Restaurant Base (Hidden)'!$C$2:$C$1048576,0),MATCH(K$6,'Restaurant Base (Hidden)'!$A$1:$Z$1,0)),"") -> 0,083 | L31: =+IFERROR(INDEX('Restaurant Base (Hidden)'!$A$2:$Z$1048576,MATCH($C31,'Restaurant Base (Hidden)'!$C$2:$C$1048576,0),MATCH(L$6,'Restaurant Base (Hidden)'!$A$1:$Z$1,0)),"") -> 4 | ... AG31: =+IFERROR(INDEX('Restaurant Base (Hidden)'!$A$2:$Z$1048576,MATCH($C31,'Restaurant Base (Hidden)'!$C$2:$C$1048576,0),MATCH(AG$6,'Restaurant Base (Hidden)'!$A$1:$Z$1,0)),"") -> 3
A32: =IF('Restaurant Base (Hidden)'!A401=0,"", 'Restaurant Base (Hidden)'!A401) -> Emerson Greenleigh | B32: =IF('Restaurant Base (Hidden)'!B401=0,"", 'Restaurant Base (Hidden)'!B401) -> Sunridge Food Partners | C32: =IF('Restaurant Base (Hidden)'!C401=0,"", 'Restaurant Base (Hidden)'!C401) -> Fox Creek | D32: =+IFERROR(RANK(E32,$E$7:$E$3390,),"") -> 22 | E32: =+IFERROR(INDEX('Restaurant Base (Hidden)'!$A$2:$Z$1048576,MATCH($C32,'Restaurant Base (Hidden)'!$C$2:$C$1048576,0),MATCH(E$6,'Restaurant Base (Hidden)'!$A$1:$Z$1,0)),"") -> 3.72 | F32: =+IFERROR(INDEX('Restaurant Base (Hidden)'!$A$2:$Z$1048576,MATCH($C32,'Restaurant Base (Hidden)'!$C$2:$C$1048576,0),MATCH(F$6,'Restaurant Base (Hidden)'!$A$1:$Z$1,0)),"") | G32: =+IFERROR(INDEX('Restaurant Base (Hidden)'!$A$2:$Z$1048576,MATCH($C32,'Restaurant Base (Hidden)'!$C$2:$C$1048576,0),MATCH(G$6,'Restaurant Base (Hidden)'!$A$1:$Z$1,0)),"") -> 4,645 | H32: =+IFERROR(INDEX('Restaurant Base (Hidden)'!$A$2:$Z$1048576,MATCH($C32,'Restaurant Base (Hidden)'!$C$2:$C$1048576,0),MATCH(H$6,'Restaurant Base (Hidden)'!$A$1:$Z$1,0)),"") -> 5 | I32: =+IFERROR(INDEX('Restaurant Base (Hidden)'!$A$2:$Z$1048576,MATCH($C32,'Restaurant Base (Hidden)'!$C$2:$C$1048576,0),MATCH(I$6,'Restaurant Base (Hidden)'!$A$1:$Z$1,0)),"") -> 97,10 % | J32: =+IFERROR(INDEX('Restaurant Base (Hidden)'!$A$2:$Z$1048576,MATCH($C32,'Restaurant Base (Hidden)'!$C$2:$C$1048576,0),MATCH(J$6,'Restaurant Base (Hidden)'!$A$1:$Z$1,0)),"") -> 5 | K32: =+IFERROR(INDEX('Restaurant Base (Hidden)'!$A$2:$Z$1048576,MATCH($C32,'Restaurant Base (Hidden)'!$C$2:$C$1048576,0),MATCH(K$6,'Restaurant Base (Hidden)'!$A$1:$Z$1,0)),"") -> 0,162 | L32: =+IFERROR(INDEX('Restaurant Base (Hidden)'!$A$2:$Z$1048576,MATCH($C32,'Restaurant Base (Hidden)'!$C$2:$C$1048576,0),MATCH(L$6,'Restaurant Base (Hidden)'!$A$1:$Z$1,0)),"") -> 2 | ... AG32: =+IFERROR(INDEX('Restaurant Base (Hidden)'!$A$2:$Z$1048576,MATCH($C32,'Restaurant Base (Hidden)'!$C$2:$C$1048576,0),MATCH(AG$6,'Restaurant Base (Hidden)'!$A$1:$Z$1,0)),"") -> 3
A33: =IF('Restaurant Base (Hidden)'!A367=0,"", 'Restaurant Base (Hidden)'!A367) -> Riley Wellington | B33: =IF('Restaurant Base (Hidden)'!B367=0,"", 'Restaurant Base (Hidden)'!B367) -> Brightfield Dining | C33: =IF('Restaurant Base (Hidden)'!C367=0,"", 'Restaurant Base (Hidden)'!C367) -> Sunny House | D33: =+IFERROR(RANK(E33,$E$7:$E$3390,),"") -> 27 | E33: =+IFERROR(INDEX('Restaurant Base (Hidden)'!$A$2:$Z$1048576,MATCH($C33,'Restaurant Base (Hidden)'!$C$2:$C$1048576,0),MATCH(E$6,'Restaurant Base (Hidden)'!$A$1:$Z$1,0)),"") -> 3.71 | F33: =+IFERROR(INDEX('Restaurant Base (Hidden)'!$A$2:$Z$1048576,MATCH($C33,'Restaurant Base (Hidden)'!$C$2:$C$1048576,0),MATCH(F$6,'Restaurant Base (Hidden)'!$A$1:$Z$1,0)),"") | G33: =+IFERROR(INDEX('Restaurant Base (Hidden)'!$A$2:$Z$1048576,MATCH($C33,'Restaurant Base (Hidden)'!$C$2:$C$1048576,0),MATCH(G$6,'Restaurant Base (Hidden)'!$A$1:$Z$1,0)),"") -> 4,814 | H33: =+IFERROR(INDEX('Restaurant Base (Hidden)'!$A$2:$Z$1048576,MATCH($C33,'Restaurant Base (Hidden)'!$C$2:$C$1048576,0),MATCH(H$6,'Restaurant Base (Hidden)'!$A$1:$Z$1,0)),"") -> 5 | I33: =+IFERROR(INDEX('Restaurant Base (Hidden)'!$A$2:$Z$1048576,MATCH($C33,'Restaurant Base (Hidden)'!$C$2:$C$1048576,0),MATCH(I$6,'Restaurant Base (Hidden)'!$A$1:$Z$1,0)),"") -> 78,70 % | J33: =+IFERROR(INDEX('Restaurant Base (Hidden)'!$A$2:$Z$1048576,MATCH($C33,'Restaurant Base (Hidden)'!$C$2:$C$1048576,0),MATCH(J$6,'Restaurant Base (Hidden)'!$A$1:$Z$1,0)),"") -> 2 | K33: =+IFERROR(INDEX('Restaurant Base (Hidden)'!$A$2:$Z$1048576,MATCH($C33,'Restaurant Base (Hidden)'!$C$2:$C$1048576,0),MATCH(K$6,'Restaurant Base (Hidden)'!$A$1:$Z$1,0)),"") -> 0,037 | L33: =+IFERROR(INDEX('Restaurant Base (Hidden)'!$A$2:$Z$1048576,MATCH($C33,'Restaurant Base (Hidden)'!$C$2:$C$1048576,0),MATCH(L$6,'Restaurant Base (Hidden)'!$A$1:$Z$1,0)),"") -> 5 | ... AG33: =+IFERROR(INDEX('Restaurant Base (Hidden)'!$A$2:$Z$1048576,MATCH($C33,'Restaurant Base (Hidden)'!$C$2:$C$1048576,0),MATCH(AG$6,'Restaurant Base (Hidden)'!$A$1:$Z$1,0)),"") -> 1
A34: =IF('Restaurant Base (Hidden)'!A228=0,"", 'Restaurant Base (Hidden)'!A228) -> Bailey Silverton | B34: =IF('Restaurant Base (Hidden)'!B228=0,"", 'Restaurant Base (Hidden)'!B228) -> Silverbrook Dining | C34: =IF('Restaurant Base (Hidden)'!C228=0,"", 'Restaurant Base (Hidden)'!C228) -> Northvale Place | D34: =+IFERROR(RANK(E34,$E$7:$E$3390,),"") -> 28 | E34: =+IFERROR(INDEX('Restaurant Base (Hidden)'!$A$2:$Z$1048576,MATCH($C34,'Restaurant Base (Hidden)'!$C$2:$C$1048576,0),MATCH(E$6,'Restaurant Base (Hidden)'!$A$1:$Z$1,0)),"") -> 3.7 | F34: =+IFERROR(INDEX('Restaurant Base (Hidden)'!$A$2:$Z$1048576,MATCH($C34,'Restaurant Base (Hidden)'!$C$2:$C$1048576,0),MATCH(F$6,'Restaurant Base (Hidden)'!$A$1:$Z$1,0)),"") | G34: =+IFERROR(INDEX('Restaurant Base (Hidden)'!$A$2:$Z$1048576,MATCH($C34,'Restaurant Base (Hidden)'!$C$2:$C$1048576,0),MATCH(G$6,'Restaurant Base (Hidden)'!$A$1:$Z$1,0)),"") -> 4,524 | H34: =+IFERROR(INDEX('Restaurant Base (Hidden)'!$A$2:$Z$1048576,MATCH($C34,'Restaurant Base (Hidden)'!$C$2:$C$1048576,0),MATCH(H$6,'Restaurant Base (Hidden)'!$A$1:$Z$1,0)),"") -> 5 | I34: =+IFERROR(INDEX('Restaurant Base (Hidden)'!$A$2:$Z$1048576,MATCH($C34,'Restaurant Base (Hidden)'!$C$2:$C$1048576,0),MATCH(I$6,'Restaurant Base (Hidden)'!$A$1:$Z$1,0)),"") -> 90,10 % | J34: =+IFERROR(INDEX('Restaurant Base (Hidden)'!$A$2:$Z$1048576,MATCH($C34,'Restaurant Base (Hidden)'!$C$2:$C$1048576,0),MATCH(J$6,'Restaurant Base (Hidden)'!$A$1:$Z$1,0)),"") -> 4 | K34: =+IFERROR(INDEX('Restaurant Base (Hidden)'!$A$2:$Z$1048576,MATCH($C34,'Restaurant Base (Hidden)'!$C$2:$C$1048576,0),MATCH(K$6,'Restaurant Base (Hidden)'!$A$1:$Z$1,0)),"") -> 0,113 | L34: =+IFERROR(INDEX('Restaurant Base (Hidden)'!$A$2:$Z$1048576,MATCH($C34,'Restaurant Base (Hidden)'!$C$2:$C$1048576,0),MATCH(L$6,'Restaurant Base (Hidden)'!$A$1:$Z$1,0)),"") -> 3 | ... AG34: =+IFERROR(INDEX('Restaurant Base (Hidden)'!$A$2:$Z$1048576,MATCH($C34,'Restaurant Base (Hidden)'!$C$2:$C$1048576,0),MATCH(AG$6,'Restaurant Base (Hidden)'!$A$1:$Z$1,0)),"") -> 1
A35: =IF('Restaurant Base (Hidden)'!A45=0,"", 'Restaurant Base (Hidden)'!A45) -> Parker Sterling | B35: =IF('Restaurant Base (Hidden)'!B45=0,"", 'Restaurant Base (Hidden)'!B45) -> Oakbridge Restaurant Group | C35: =IF('Restaurant Base (Hidden)'!C45=0,"", 'Restaurant Base (Hidden)'!C45) -> Maple Terrace | D35: =+IFERROR(RANK(E35,$E$7:$E$3390,),"") -> 29 | E35: =+IFERROR(INDEX('Restaurant Base (Hidden)'!$A$2:$Z$1048576,MATCH($C35,'Restaurant Base (Hidden)'!$C$2:$C$1048576,0),MATCH(E$6,'Restaurant Base (Hidden)'!$A$1:$Z$1,0)),"") -> 3.69 | F35: =+IFERROR(INDEX('Restaurant Base (Hidden)'!$A$2:$Z$1048576,MATCH($C35,'Restaurant Base (Hidden)'!$C$2:$C$1048576,0),MATCH(F$6,'Restaurant Base (Hidden)'!$A$1:$Z$1,0)),"") | G35: =+IFERROR(INDEX('Restaurant Base (Hidden)'!$A$2:$Z$1048576,MATCH($C35,'Restaurant Base (Hidden)'!$C$2:$C$1048576,0),MATCH(G$6,'Restaurant Base (Hidden)'!$A$1:$Z$1,0)),"") -> 4,543 | H35: =+IFERROR(INDEX('Restaurant Base (Hidden)'!$A$2:$Z$1048576,MATCH($C35,'Restaurant Base (Hidden)'!$C$2:$C$1048576,0),MATCH(H$6,'Restaurant Base (Hidden)'!$A$1:$Z$1,0)),"") -> 5 | I35: =+IFERROR(INDEX('Restaurant Base (Hidden)'!$A$2:$Z$1048576,MATCH($C35,'Restaurant Base (Hidden)'!$C$2:$C$1048576,0),MATCH(I$6,'Restaurant Base (Hidden)'!$A$1:$Z$1,0)),"") -> 70,00 % | J35: =+IFERROR(INDEX('Restaurant Base (Hidden)'!$A$2:$Z$1048576,MATCH($C35,'Restaurant Base (Hidden)'!$C$2:$C$1048576,0),MATCH(J$6,'Restaurant Base (Hidden)'!$A$1:$Z$1,0)),"") -> 1 | K35: =+IFERROR(INDEX('Restaurant Base (Hidden)'!$A$2:$Z$1048576,MATCH($C35,'Restaurant Base (Hidden)'!$C$2:$C$1048576,0),MATCH(K$6,'Restaurant Base (Hidden)'!$A$1:$Z$1,0)),"") -> 0,059 | L35: =+IFERROR(INDEX('Restaurant Base (Hidden)'!$A$2:$Z$1048576,MATCH($C35,'Restaurant Base (Hidden)'!$C$2:$C$1048576,0),MATCH(L$6,'Restaurant Base (Hidden)'!$A$1:$Z$1,0)),"") -> 5 | ... AG35: =+IFERROR(INDEX('Restaurant Base (Hidden)'!$A$2:$Z$1048576,MATCH($C35,'Restaurant Base (Hidden)'!$C$2:$C$1048576,0),MATCH(AG$6,'Restaurant Base (Hidden)'!$A$1:$Z$1,0)),"") -> 1
A36: =IF('Restaurant Base (Hidden)'!A122=0,"", 'Restaurant Base (Hidden)'!A122) -> Drew Fairbourne | B36: =IF('Restaurant Base (Hidden)'!B122=0,"", 'Restaurant Base (Hidden)'!B122) -> Northstar Dining Group | C36: =IF('Restaurant Base (Hidden)'!C122=0,"", 'Restaurant Base (Hidden)'!C122) -> Fox Boulevard | D36: =+IFERROR(RANK(E36,$E$7:$E$3390,),"") -> 29 | E36: =+IFERROR(INDEX('Restaurant Base (Hidden)'!$A$2:$Z$1048576,MATCH($C36,'Restaurant Base (Hidden)'!$C$2:$C$1048576,0),MATCH(E$6,'Restaurant Base (Hidden)'!$A$1:$Z$1,0)),"") -> 3.69 | F36: =+IFERROR(INDEX('Restaurant Base (Hidden)'!$A$2:$Z$1048576,MATCH($C36,'Restaurant Base (Hidden)'!$C$2:$C$1048576,0),MATCH(F$6,'Restaurant Base (Hidden)'!$A$1:$Z$1,0)),"") | G36: =+IFERROR(INDEX('Restaurant Base (Hidden)'!$A$2:$Z$1048576,MATCH($C36,'Restaurant Base (Hidden)'!$C$2:$C$1048576,0),MATCH(G$6,'Restaurant Base (Hidden)'!$A$1:$Z$1,0)),"") -> 4,543 | H36: =+IFERROR(INDEX('Restaurant Base (Hidden)'!$A$2:$Z$1048576,MATCH($C36,'Restaurant Base (Hidden)'!$C$2:$C$1048576,0),MATCH(H$6,'Restaurant Base (Hidden)'!$A$1:$Z$1,0)),"") -> 5 | I36: =+IFERROR(INDEX('Restaurant Base (Hidden)'!$A$2:$Z$1048576,MATCH($C36,'Restaurant Base (Hidden)'!$C$2:$C$1048576,0),MATCH(I$6,'Restaurant Base (Hidden)'!$A$1:$Z$1,0)),"") -> 86,30 % | J36: =+IFERROR(INDEX('Restaurant Base (Hidden)'!$A$2:$Z$1048576,MATCH($C36,'Restaurant Base (Hidden)'!$C$2:$C$1048576,0),MATCH(J$6,'Restaurant Base (Hidden)'!$A$1:$Z$1,0)),"") -> 3 | K36: =+IFERROR(INDEX('Restaurant Base (Hidden)'!$A$2:$Z$1048576,MATCH($C36,'Restaurant Base (Hidden)'!$C$2:$C$1048576,0),MATCH(K$6,'Restaurant Base (Hidden)'!$A$1:$Z$1,0)),"") -> 0,067 | L36: =+IFERROR(INDEX('Restaurant Base (Hidden)'!$A$2:$Z$1048576,MATCH($C36,'Restaurant Base (Hidden)'!$C$2:$C$1048576,0),MATCH(L$6,'Restaurant Base (Hidden)'!$A$1:$Z$1,0)),"") -> 4 | ... AG36: =+IFERROR(INDEX('Restaurant Base (Hidden)'!$A$2:$Z$1048576,MATCH($C36,'Restaurant Base (Hidden)'!$C$2:$C$1048576,0),MATCH(AG$6,'Restaurant Base (Hidden)'!$A$1:$Z$1,0)),"") -> 1
A37: =IF('Restaurant Base (Hidden)'!A267=0,"", 'Restaurant Base (Hidden)'!A267) -> Drew Fairbourne | B37: =IF('Restaurant Base (Hidden)'!B267=0,"", 'Restaurant Base (Hidden)'!B267) -> Meadowgate Hospitality | C37: =IF('Restaurant Base (Hidden)'!C267=0,"", 'Restaurant Base (Hidden)'!C267) -> Golden Landing | D37: =+IFERROR(RANK(E37,$E$7:$E$3390,),"") -> 31 | E37: =+IFERROR(INDEX('Restaurant Base (Hidden)'!$A$2:$Z$1048576,MATCH($C37,'Restaurant Base (Hidden)'!$C$2:$C$1048576,0),MATCH(E$6,'Restaurant Base (Hidden)'!$A$1:$Z$1,0)),"") -> 3.68 | F37: =+IFERROR(INDEX('Restaurant Base (Hidden)'!$A$2:$Z$1048576,MATCH($C37,'Restaurant Base (Hidden)'!$C$2:$C$1048576,0),MATCH(F$6,'Restaurant Base (Hidden)'!$A$1:$Z$1,0)),"") | G37: =+IFERROR(INDEX('Restaurant Base (Hidden)'!$A$2:$Z$1048576,MATCH($C37,'Restaurant Base (Hidden)'!$C$2:$C$1048576,0),MATCH(G$6,'Restaurant Base (Hidden)'!$A$1:$Z$1,0)),"") -> 4,607 | H37: =+IFERROR(INDEX('Restaurant Base (Hidden)'!$A$2:$Z$1048576,MATCH($C37,'Restaurant Base (Hidden)'!$C$2:$C$1048576,0),MATCH(H$6,'Restaurant Base (Hidden)'!$A$1:$Z$1,0)),"") -> 5 | I37: =+IFERROR(INDEX('Restaurant Base (Hidden)'!$A$2:$Z$1048576,MATCH($C37,'Restaurant Base (Hidden)'!$C$2:$C$1048576,0),MATCH(I$6,'Restaurant Base (Hidden)'!$A$1:$Z$1,0)),"") -> 93,80 % | J37: =+IFERROR(INDEX('Restaurant Base (Hidden)'!$A$2:$Z$1048576,MATCH($C37,'Restaurant Base (Hidden)'!$C$2:$C$1048576,0),MATCH(J$6,'Restaurant Base (Hidden)'!$A$1:$Z$1,0)),"") -> 4 | K37: =+IFERROR(INDEX('Restaurant Base (Hidden)'!$A$2:$Z$1048576,MATCH($C37,'Restaurant Base (Hidden)'!$C$2:$C$1048576,0),MATCH(K$6,'Restaurant Base (Hidden)'!$A$1:$Z$1,0)),"") -> 0,112 | L37: =+IFERROR(INDEX('Restaurant Base (Hidden)'!$A$2:$Z$1048576,MATCH($C37,'Restaurant Base (Hidden)'!$C$2:$C$1048576,0),MATCH(L$6,'Restaurant Base (Hidden)'!$A$1:$Z$1,0)),"") -> 3 | ... AG37: =+IFERROR(INDEX('Restaurant Base (Hidden)'!$A$2:$Z$1048576,MATCH($C37,'Restaurant Base (Hidden)'!$C$2:$C$1048576,0),MATCH(AG$6,'Restaurant Base (Hidden)'!$A$1:$Z$1,0)),"") -> 3
A38: =IF('Restaurant Base (Hidden)'!A197=0,"", 'Restaurant Base (Hidden)'!A197) -> Arden Brookstone | B38: =IF('Restaurant Base (Hidden)'!B197=0,"", 'Restaurant Base (Hidden)'!B197) -> Riverstone Food Partners | C38: =IF('Restaurant Base (Hidden)'!C197=0,"", 'Restaurant Base (Hidden)'!C197) -> Stone Gardens | D38: =+IFERROR(RANK(E38,$E$7:$E$3390,),"") -> 32 | E38: =+IFERROR(INDEX('Restaurant Base (Hidden)'!$A$2:$Z$1048576,MATCH($C38,'Restaurant Base (Hidden)'!$C$2:$C$1048576,0),MATCH(E$6,'Restaurant Base (Hidden)'!$A$1:$Z$1,0)),"") -> 3.65 | F38: =+IFERROR(INDEX('Restaurant Base (Hidden)'!$A$2:$Z$1048576,MATCH($C38,'Restaurant Base (Hidden)'!$C$2:$C$1048576,0),MATCH(F$6,'Restaurant Base (Hidden)'!$A$1:$Z$1,0)),"") | G38: =+IFERROR(INDEX('Restaurant Base (Hidden)'!$A$2:$Z$1048576,MATCH($C38,'Restaurant Base (Hidden)'!$C$2:$C$1048576,0),MATCH(G$6,'Restaurant Base (Hidden)'!$A$1:$Z$1,0)),"") -> 4,847 | H38: =+IFERROR(INDEX('Restaurant Base (Hidden)'!$A$2:$Z$1048576,MATCH($C38,'Restaurant Base (Hidden)'!$C$2:$C$1048576,0),MATCH(H$6,'Restaurant Base (Hidden)'!$A$1:$Z$1,0)),"") -> 5 | I38: =+IFERROR(INDEX('Restaurant Base (Hidden)'!$A$2:$Z$1048576,MATCH($C38,'Restaurant Base (Hidden)'!$C$2:$C$1048576,0),MATCH(I$6,'Restaurant Base (Hidden)'!$A$1:$Z$1,0)),"") -> 95,70 % | J38: =+IFERROR(INDEX('Restaurant Base (Hidden)'!$A$2:$Z$1048576,MATCH($C38,'Restaurant Base (Hidden)'!$C$2:$C$1048576,0),MATCH(J$6,'Restaurant Base (Hidden)'!$A$1:$Z$1,0)),"") -> 5 | K38: =+IFERROR(INDEX('Restaurant Base (Hidden)'!$A$2:$Z$1048576,MATCH($C38,'Restaurant Base (Hidden)'!$C$2:$C$1048576,0),MATCH(K$6,'Restaurant Base (Hidden)'!$A$1:$Z$1,0)),"") -> 0,074 | L38: =+IFERROR(INDEX('Restaurant Base (Hidden)'!$A$2:$Z$1048576,MATCH($C38,'Restaurant Base (Hidden)'!$C$2:$C$1048576,0),MATCH(L$6,'Restaurant Base (Hidden)'!$A$1:$Z$1,0)),"") -> 4 | ... AG38: =+IFERROR(INDEX('Restaurant Base (Hidden)'!$A$2:$Z$1048576,MATCH($C38,'Restaurant Base (Hidden)'!$C$2:$C$1048576,0),MATCH(AG$6,'Restaurant Base (Hidden)'!$A$1:$Z$1,0)),"") -> 2
A39: =IF('Restaurant Base (Hidden)'!A372=0,"", 'Restaurant Base (Hidden)'!A372) -> Emerson Greenleigh | B39: =IF('Restaurant Base (Hidden)'!B372=0,"", 'Restaurant Base (Hidden)'!B372) -> Kingswell Food Partners | C39: =IF('Restaurant Base (Hidden)'!C372=0,"", 'Restaurant Base (Hidden)'!C372) -> Royal Way | D39: =+IFERROR(RANK(E39,$E$7:$E$3390,),"") -> 32 | E39: =+IFERROR(INDEX('Restaurant Base (Hidden)'!$A$2:$Z$1048576,MATCH($C39,'Restaurant Base (Hidden)'!$C$2:$C$1048576,0),MATCH(E$6,'Restaurant Base (Hidden)'!$A$1:$Z$1,0)),"") -> 3.65 | F39: =+IFERROR(INDEX('Restaurant Base (Hidden)'!$A$2:$Z$1048576,MATCH($C39,'Restaurant Base (Hidden)'!$C$2:$C$1048576,0),MATCH(F$6,'Restaurant Base (Hidden)'!$A$1:$Z$1,0)),"") | G39: =+IFERROR(INDEX('Restaurant Base (Hidden)'!$A$2:$Z$1048576,MATCH($C39,'Restaurant Base (Hidden)'!$C$2:$C$1048576,0),MATCH(G$6,'Restaurant Base (Hidden)'!$A$1:$Z$1,0)),"") -> 4,341 | H39: =+IFERROR(INDEX('Restaurant Base (Hidden)'!$A$2:$Z$1048576,MATCH($C39,'Restaurant Base (Hidden)'!$C$2:$C$1048576,0),MATCH(H$6,'Restaurant Base (Hidden)'!$A$1:$Z$1,0)),"") -> 3 | I39: =+IFERROR(INDEX('Restaurant Base (Hidden)'!$A$2:$Z$1048576,MATCH($C39,'Restaurant Base (Hidden)'!$C$2:$C$1048576,0),MATCH(I$6,'Restaurant Base (Hidden)'!$A$1:$Z$1,0)),"") -> 88,40 % | J39: =+IFERROR(INDEX('Restaurant Base (Hidden)'!$A$2:$Z$1048576,MATCH($C39,'Restaurant Base (Hidden)'!$C$2:$C$1048576,0),MATCH(J$6,'Restaurant Base (Hidden)'!$A$1:$Z$1,0)),"") -> 4 | K39: =+IFERROR(INDEX('Restaurant Base (Hidden)'!$A$2:$Z$1048576,MATCH($C39,'Restaurant Base (Hidden)'!$C$2:$C$1048576,0),MATCH(K$6,'Restaurant Base (Hidden)'!$A$1:$Z$1,0)),"") -> 0,186 | L39: =+IFERROR(INDEX('Restaurant Base (Hidden)'!$A$2:$Z$1048576,MATCH($C39,'Restaurant Base (Hidden)'!$C$2:$C$1048576,0),MATCH(L$6,'Restaurant Base (Hidden)'!$A$1:$Z$1,0)),"") -> 1 | ... AG39: =+IFERROR(INDEX('Restaurant Base (Hidden)'!$A$2:$Z$1048576,MATCH($C39,'Restaurant Base (Hidden)'!$C$2:$C$1048576,0),MATCH(AG$6,'Restaurant Base (Hidden)'!$A$1:$Z$1,0)),"") -> 1
A40: =IF('Restaurant Base (Hidden)'!A364=0,"", 'Restaurant Base (Hidden)'!A364) -> Parker Sterling | B40: =IF('Restaurant Base (Hidden)'!B364=0,"", 'Restaurant Base (Hidden)'!B364) -> Silverline Hospitality | C40: =IF('Restaurant Base (Hidden)'!C364=0,"", 'Restaurant Base (Hidden)'!C364) -> Riverside Heath | D40: =+IFERROR(RANK(E40,$E$7:$E$3390,),"") -> 34 | E40: =+IFERROR(INDEX('Restaurant Base (Hidden)'!$A$2:$Z$1048576,MATCH($C40,'Restaurant Base (Hidden)'!$C$2:$C$1048576,0),MATCH(E$6,'Restaurant Base (Hidden)'!$A$1:$Z$1,0)),"") -> 3.63 | F40: =+IFERROR(INDEX('Restaurant Base (Hidden)'!$A$2:$Z$1048576,MATCH($C40,'Restaurant Base (Hidden)'!$C$2:$C$1048576,0),MATCH(F$6,'Restaurant Base (Hidden)'!$A$1:$Z$1,0)),"") | G40: =+IFERROR(INDEX('Restaurant Base (Hidden)'!$A$2:$Z$1048576,MATCH($C40,'Restaurant Base (Hidden)'!$C$2:$C$1048576,0),MATCH(G$6,'Restaurant Base (Hidden)'!$A$1:$Z$1,0)),"") -> 4,009 | H40: =+IFERROR(INDEX('Restaurant Base (Hidden)'!$A$2:$Z$1048576,MATCH($C40,'Restaurant Base (Hidden)'!$C$2:$C$1048576,0),MATCH(H$6,'Restaurant Base (Hidden)'!$A$1:$Z$1,0)),"") -> 1 | I40: =+IFERROR(INDEX('Restaurant Base (Hidden)'!$A$2:$Z$1048576,MATCH($C40,'Restaurant Base (Hidden)'!$C$2:$C$1048576,0),MATCH(I$6,'Restaurant Base (Hidden)'!$A$1:$Z$1,0)),"") -> 70,10 % | J40: =+IFERROR(INDEX('Restaurant Base (Hidden)'!$A$2:$Z$1048576,MATCH($C40,'Restaurant Base (Hidden)'!$C$2:$C$1048576,0),MATCH(J$6,'Restaurant Base (Hidden)'!$A$1:$Z$1,0)),"") -> 1 | K40: =+IFERROR(INDEX('Restaurant Base (Hidden)'!$A$2:$Z$1048576,MATCH($C40,'Restaurant Base (Hidden)'!$C$2:$C$1048576,0),MATCH(K$6,'Restaurant Base (Hidden)'!$A$1:$Z$1,0)),"") -> 0,054 | L40: =+IFERROR(INDEX('Restaurant Base (Hidden)'!$A$2:$Z$1048576,MATCH($C40,'Restaurant Base (Hidden)'!$C$2:$C$1048576,0),MATCH(L$6,'Restaurant Base (Hidden)'!$A$1:$Z$1,0)),"") -> 5 | ... AG40: =+IFERROR(INDEX('Restaurant Base (Hidden)'!$A$2:$Z$1048576,MATCH($C40,'Restaurant Base (Hidden)'!$C$2:$C$1048576,0),MATCH(AG$6,'Restaurant Base (Hidden)'!$A$1:$Z$1,0)),"") -> 3
A41: =IF('Restaurant Base (Hidden)'!A139=0,"", 'Restaurant Base (Hidden)'!A139) -> Arden Brookstone | B41: =IF('Restaurant Base (Hidden)'!B139=0,"", 'Restaurant Base (Hidden)'!B139) -> Fairmont Food Group | C41: =IF('Restaurant Base (Hidden)'!C139=0,"", 'Restaurant Base (Hidden)'!C139) -> Ash Station | D41: =+IFERROR(RANK(E41,$E$7:$E$3390,),"") -> 35 | E41: =+IFERROR(INDEX('Restaurant Base (Hidden)'!$A$2:$Z$1048576,MATCH($C41,'Restaurant Base (Hidden)'!$C$2:$C$1048576,0),MATCH(E$6,'Restaurant Base (Hidden)'!$A$1:$Z$1,0)),"") -> 3.62 | F41: =+IFERROR(INDEX('Restaurant Base (Hidden)'!$A$2:$Z$1048576,MATCH($C41,'Restaurant Base (Hidden)'!$C$2:$C$1048576,0),MATCH(F$6,'Restaurant Base (Hidden)'!$A$1:$Z$1,0)),"") | G41: =+IFERROR(INDEX('Restaurant Base (Hidden)'!$A$2:$Z$1048576,MATCH($C41,'Restaurant Base (Hidden)'!$C$2:$C$1048576,0),MATCH(G$6,'Restaurant Base (Hidden)'!$A$1:$Z$1,0)),"") -> 4,141 | H41: =+IFERROR(INDEX('Restaurant Base (Hidden)'!$A$2:$Z$1048576,MATCH($C41,'Restaurant Base (Hidden)'!$C$2:$C$1048576,0),MATCH(H$6,'Restaurant Base (Hidden)'!$A$1:$Z$1,0)),"") -> 2 | I41: =+IFERROR(INDEX('Restaurant Base (Hidden)'!$A$2:$Z$1048576,MATCH($C41,'Restaurant Base (Hidden)'!$C$2:$C$1048576,0),MATCH(I$6,'Restaurant Base (Hidden)'!$A$1:$Z$1,0)),"") -> 98,40 % | J41: =+IFERROR(INDEX('Restaurant Base (Hidden)'!$A$2:$Z$1048576,MATCH($C41,'Restaurant Base (Hidden)'!$C$2:$C$1048576,0),MATCH(J$6,'Restaurant Base (Hidden)'!$A$1:$Z$1,0)),"") -> 5 | K41: =+IFERROR(INDEX('Restaurant Base (Hidden)'!$A$2:$Z$1048576,MATCH($C41,'Restaurant Base (Hidden)'!$C$2:$C$1048576,0),MATCH(K$6,'Restaurant Base (Hidden)'!$A$1:$Z$1,0)),"") -> 0,051 | L41: =+IFERROR(INDEX('Restaurant Base (Hidden)'!$A$2:$Z$1048576,MATCH($C41,'Restaurant Base (Hidden)'!$C$2:$C$1048576,0),MATCH(L$6,'Restaurant Base (Hidden)'!$A$1:$Z$1,0)),"") -> 5 | ... AG41: =+IFERROR(INDEX('Restaurant Base (Hidden)'!$A$2:$Z$1048576,MATCH($C41,'Restaurant Base (Hidden)'!$C$2:$C$1048576,0),MATCH(AG$6,'Restaurant Base (Hidden)'!$A$1:$Z$1,0)),"") -> 2
A42: =IF('Restaurant Base (Hidden)'!A203=0,"", 'Restaurant Base (Hidden)'!A203) -> Sawyer Thornfield | B42: =IF('Restaurant Base (Hidden)'!B203=0,"", 'Restaurant Base (Hidden)'!B203) -> Bluecrest Food Partners | C42: =IF('Restaurant Base (Hidden)'!C203=0,"", 'Restaurant Base (Hidden)'!C203) -> Rosewood Crossing | D42: =+IFERROR(RANK(E42,$E$7:$E$3390,),"") -> 35 | E42: =+IFERROR(INDEX('Restaurant Base (Hidden)'!$A$2:$Z$1048576,MATCH($C42,'Restaurant Base (Hidden)'!$C$2:$C$1048576,0),MATCH(E$6,'Restaurant Base (Hidden)'!$A$1:$Z$1,0)),"") -> 3.62 | F42: =+IFERROR(INDEX('Restaurant Base (Hidden)'!$A$2:$Z$1048576,MATCH($C42,'Restaurant Base (Hidden)'!$C$2:$C$1048576,0),MATCH(F$6,'Restaurant Base (Hidden)'!$A$1:$Z$1,0)),"") | G42: =+IFERROR(INDEX('Restaurant Base (Hidden)'!$A$2:$Z$1048576,MATCH($C42,'Restaurant Base (Hidden)'!$C$2:$C$1048576,0),MATCH(G$6,'Restaurant Base (Hidden)'!$A$1:$Z$1,0)),"") -> 4,606 | H42: =+IFERROR(INDEX('Restaurant Base (Hidden)'!$A$2:$Z$1048576,MATCH($C42,'Restaurant Base (Hidden)'!$C$2:$C$1048576,0),MATCH(H$6,'Restaurant Base (Hidden)'!$A$1:$Z$1,0)),"") -> 5 | I42: =+IFERROR(INDEX('Restaurant Base (Hidden)'!$A$2:$Z$1048576,MATCH($C42,'Restaurant Base (Hidden)'!$C$2:$C$1048576,0),MATCH(I$6,'Restaurant Base (Hidden)'!$A$1:$Z$1,0)),"") -> 84,50 % | J42: =+IFERROR(INDEX('Restaurant Base (Hidden)'!$A$2:$Z$1048576,MATCH($C42,'Restaurant Base (Hidden)'!$C$2:$C$1048576,0),MATCH(J$6,'Restaurant Base (Hidden)'!$A$1:$Z$1,0)),"") -> 3 | K42: =+IFERROR(INDEX('Restaurant Base (Hidden)'!$A$2:$Z$1048576,MATCH($C42,'Restaurant Base (Hidden)'!$C$2:$C$1048576,0),MATCH(K$6,'Restaurant Base (Hidden)'!$A$1:$Z$1,0)),"") -> 0,168 | L42: =+IFERROR(INDEX('Restaurant Base (Hidden)'!$A$2:$Z$1048576,MATCH($C42,'Restaurant Base (Hidden)'!$C$2:$C$1048576,0),MATCH(L$6,'Restaurant Base (Hidden)'!$A$1:$Z$1,0)),"") -> 2 | ... AG42: =+IFERROR(INDEX('Restaurant Base (Hidden)'!$A$2:$Z$1048576,MATCH($C42,'Restaurant Base (Hidden)'!$C$2:$C$1048576,0),MATCH(AG$6,'Restaurant Base (Hidden)'!$A$1:$Z$1,0)),"") -> 1
A43: =IF('Restaurant Base (Hidden)'!A9=0,"", 'Restaurant Base (Hidden)'!A9) -> Harper Langford | B43: =IF('Restaurant Base (Hidden)'!B9=0,"", 'Restaurant Base (Hidden)'!B9) -> Rivermark Food Group | C43: =IF('Restaurant Base (Hidden)'!C9=0,"", 'Restaurant Base (Hidden)'!C9) -> Western Quay | D43: =+IFERROR(RANK(E43,$E$7:$E$3390,),"") -> 37 | E43: =+IFERROR(INDEX('Restaurant Base (Hidden)'!$A$2:$Z$1048576,MATCH($C43,'Restaurant Base (Hidden)'!$C$2:$C$1048576,0),MATCH(E$6,'Restaurant Base (Hidden)'!$A$1:$Z$1,0)),"") -> 3.61 | F43: =+IFERROR(INDEX('Restaurant Base (Hidden)'!$A$2:$Z$1048576,MATCH($C43,'Restaurant Base (Hidden)'!$C$2:$C$1048576,0),MATCH(F$6,'Restaurant Base (Hidden)'!$A$1:$Z$1,0)),"") | G43: =+IFERROR(INDEX('Restaurant Base (Hidden)'!$A$2:$Z$1048576,MATCH($C43,'Restaurant Base (Hidden)'!$C$2:$C$1048576,0),MATCH(G$6,'Restaurant Base (Hidden)'!$A$1:$Z$1,0)),"") -> 4,673 | H43: =+IFERROR(INDEX('Restaurant Base (Hidden)'!$A$2:$Z$1048576,MATCH($C43,'Restaurant Base (Hidden)'!$C$2:$C$1048576,0),MATCH(H$6,'Restaurant Base (Hidden)'!$A$1:$Z$1,0)),"") -> 5 | I43: =+IFERROR(INDEX('Restaurant Base (Hidden)'!$A$2:$Z$1048576,MATCH($C43,'Restaurant Base (Hidden)'!$C$2:$C$1048576,0),MATCH(I$6,'Restaurant Base (Hidden)'!$A$1:$Z$1,0)),"") -> 95,70 % | J43: =+IFERROR(INDEX('Restaurant Base (Hidden)'!$A$2:$Z$1048576,MATCH($C43,'Restaurant Base (Hidden)'!$C$2:$C$1048576,0),MATCH(J$6,'Restaurant Base (Hidden)'!$A$1:$Z$1,0)),"") -> 5 | K43: =+IFERROR(INDEX('Restaurant Base (Hidden)'!$A$2:$Z$1048576,MATCH($C43,'Restaurant Base (Hidden)'!$C$2:$C$1048576,0),MATCH(K$6,'Restaurant Base (Hidden)'!$A$1:$Z$1,0)),"") -> 0,129 | L43: =+IFERROR(INDEX('Restaurant Base (Hidden)'!$A$2:$Z$1048576,MATCH($C43,'Restaurant Base (Hidden)'!$C$2:$C$1048576,0),MATCH(L$6,'Restaurant Base (Hidden)'!$A$1:$Z$1,0)),"") -> 3 | ... AG43: =+IFERROR(INDEX('Restaurant Base (Hidden)'!$A$2:$Z$1048576,MATCH($C43,'Restaurant Base (Hidden)'!$C$2:$C$1048576,0),MATCH(AG$6,'Restaurant Base (Hidden)'!$A$1:$Z$1,0)),"") -> 1
A44: =IF('Restaurant Base (Hidden)'!A181=0,"", 'Restaurant Base (Hidden)'!A181) -> Elliot Hawthorne | B44: =IF('Restaurant Base (Hidden)'!B181=0,"", 'Restaurant Base (Hidden)'!B181) -> Parkstone Restaurant Group | C44: =IF('Restaurant Base (Hidden)'!C181=0,"", 'Restaurant Base (Hidden)'!C181) -> Autumn Station | D44: =+IFERROR(RANK(E44,$E$7:$E$3390,),"") -> 37 | E44: =+IFERROR(INDEX('Restaurant Base (Hidden)'!$A$2:$Z$1048576,MATCH($C44,'Restaurant Base (Hidden)'!$C$2:$C$1048576,0),MATCH(E$6,'Restaurant Base (Hidden)'!$A$1:$Z$1,0)),"") -> 3.61 | F44: =+IFERROR(INDEX('Restaurant Base (Hidden)'!$A$2:$Z$1048576,MATCH($C44,'Restaurant Base (Hidden)'!$C$2:$C$1048576,0),MATCH(F$6,'Restaurant Base (Hidden)'!$A$1:$Z$1,0)),"") | G44: =+IFERROR(INDEX('Restaurant Base (Hidden)'!$A$2:$Z$1048576,MATCH($C44,'Restaurant Base (Hidden)'!$C$2:$C$1048576,0),MATCH(G$6,'Restaurant Base (Hidden)'!$A$1:$Z$1,0)),"") -> 4,439 | H44: =+IFERROR(INDEX('Restaurant Base (Hidden)'!$A$2:$Z$1048576,MATCH($C44,'Restaurant Base (Hidden)'!$C$2:$C$1048576,0),MATCH(H$6,'Restaurant Base (Hidden)'!$A$1:$Z$1,0)),"") -> 4 | I44: =+IFERROR(INDEX('Restaurant Base (Hidden)'!$A$2:$Z$1048576,MATCH($C44,'Restaurant Base (Hidden)'!$C$2:$C$1048576,0),MATCH(I$6,'Restaurant Base (Hidden)'!$A$1:$Z$1,0)),"") -> 90,70 % | J44: =+IFERROR(INDEX('Restaurant Base (Hidden)'!$A$2:$Z$1048576,MATCH($C44,'Restaurant Base (Hidden)'!$C$2:$C$1048576,0),MATCH(J$6,'Restaurant Base (Hidden)'!$A$1:$Z$1,0)),"") -> 4 | K44: =+IFERROR(INDEX('Restaurant Base (Hidden)'!$A$2:$Z$1048576,MATCH($C44,'Restaurant Base (Hidden)'!$C$2:$C$1048576,0),MATCH(K$6,'Restaurant Base (Hidden)'!$A$1:$Z$1,0)),"") -> 0,064 | L44: =+IFERROR(INDEX('Restaurant Base (Hidden)'!$A$2:$Z$1048576,MATCH($C44,'Restaurant Base (Hidden)'!$C$2:$C$1048576,0),MATCH(L$6,'Restaurant Base (Hidden)'!$A$1:$Z$1,0)),"") -> 4 | ... AG44: =+IFERROR(INDEX('Restaurant Base (Hidden)'!$A$2:$Z$1048576,MATCH($C44,'Restaurant Base (Hidden)'!$C$2:$C$1048576,0),MATCH(AG$6,'Restaurant Base (Hidden)'!$A$1:$Z$1,0)),"") -> 3
A45: =IF('Restaurant Base (Hidden)'!A186=0,"", 'Restaurant Base (Hidden)'!A186) -> Jordan Oakley | B45: =IF('Restaurant Base (Hidden)'!B186=0,"", 'Restaurant Base (Hidden)'!B186) -> Highland Crest Restaurants | C45: =IF('Restaurant Base (Hidden)'!C186=0,"", 'Restaurant Base (Hidden)'!C186) -> Liberty Crossing | D45: =+IFERROR(RANK(E45,$E$7:$E$3390,),"") -> 37 | E45: =+IFERROR(INDEX('Restaurant Base (Hidden)'!$A$2:$Z$1048576,MATCH($C45,'Restaurant Base (Hidden)'!$C$2:$C$1048576,0),MATCH(E$6,'Restaurant Base (Hidden)'!$A$1:$Z$1,0)),"") -> 3.61 | F45: =+IFERROR(INDEX('Restaurant Base (Hidden)'!$A$2:$Z$1048576,MATCH($C45,'Restaurant Base (Hidden)'!$C$2:$C$1048576,0),MATCH(F$6,'Restaurant Base (Hidden)'!$A$1:$Z$1,0)),"") | G45: =+IFERROR(INDEX('Restaurant Base (Hidden)'!$A$2:$Z$1048576,MATCH($C45,'Restaurant Base (Hidden)'!$C$2:$C$1048576,0),MATCH(G$6,'Restaurant Base (Hidden)'!$A$1:$Z$1,0)),"") -> 4,617 | H45: =+IFERROR(INDEX('Restaurant Base (Hidden)'!$A$2:$Z$1048576,MATCH($C45,'Restaurant Base (Hidden)'!$C$2:$C$1048576,0),MATCH(H$6,'Restaurant Base (Hidden)'!$A$1:$Z$1,0)),"") -> 5 | I45: =+IFERROR(INDEX('Restaurant Base (Hidden)'!$A$2:$Z$1048576,MATCH($C45,'Restaurant Base (Hidden)'!$C$2:$C$1048576,0),MATCH(I$6,'Restaurant Base (Hidden)'!$A$1:$Z$1,0)),"") -> 69,30 % | J45: =+IFERROR(INDEX('Restaurant Base (Hidden)'!$A$2:$Z$1048576,MATCH($C45,'Restaurant Base (Hidden)'!$C$2:$C$1048576,0),MATCH(J$6,'Restaurant Base (Hidden)'!$A$1:$Z$1,0)),"") -> 1 | K45: =+IFERROR(INDEX('Restaurant Base (Hidden)'!$A$2:$Z$1048576,MATCH($C45,'Restaurant Base (Hidden)'!$C$2:$C$1048576,0),MATCH(K$6,'Restaurant Base (Hidden)'!$A$1:$Z$1,0)),"") -> 0,054 | L45: =+IFERROR(INDEX('Restaurant Base (Hidden)'!$A$2:$Z$1048576,MATCH($C45,'Restaurant Base (Hidden)'!$C$2:$C$1048576,0),MATCH(L$6,'Restaurant Base (Hidden)'!$A$1:$Z$1,0)),"") -> 5 | ... AG45: =+IFERROR(INDEX('Restaurant Base (Hidden)'!$A$2:$Z$1048576,MATCH($C45,'Restaurant Base (Hidden)'!$C$2:$C$1048576,0),MATCH(AG$6,'Restaurant Base (Hidden)'!$A$1:$Z$1,0)),"") -> 4
A46: =IF('Restaurant Base (Hidden)'!A54=0,"", 'Restaurant Base (Hidden)'!A54) -> Bailey Silverton | B46: =IF('Restaurant Base (Hidden)'!B54=0,"", 'Restaurant Base (Hidden)'!B54) -> Stonebridge Restaurant Co | C46: =IF('Restaurant Base (Hidden)'!C54=0,"", 'Restaurant Base (Hidden)'!C54) -> Royal Park | D46: =+IFERROR(RANK(E46,$E$7:$E$3390,),"") -> 40 | E46: =+IFERROR(INDEX('Restaurant Base (Hidden)'!$A$2:$Z$1048576,MATCH($C46,'Restaurant Base (Hidden)'!$C$2:$C$1048576,0),MATCH(E$6,'Restaurant Base (Hidden)'!$A$1:$Z$1,0)),"") -> 3.6 | F46: =+IFERROR(INDEX('Restaurant Base (Hidden)'!$A$2:$Z$1048576,MATCH($C46,'Restaurant Base (Hidden)'!$C$2:$C$1048576,0),MATCH(F$6,'Restaurant Base (Hidden)'!$A$1:$Z$1,0)),"") | G46: =+IFERROR(INDEX('Restaurant Base (Hidden)'!$A$2:$Z$1048576,MATCH($C46,'Restaurant Base (Hidden)'!$C$2:$C$1048576,0),MATCH(G$6,'Restaurant Base (Hidden)'!$A$1:$Z$1,0)),"") -> 4,653 | H46: =+IFERROR(INDEX('Restaurant Base (Hidden)'!$A$2:$Z$1048576,MATCH($C46,'Restaurant Base (Hidden)'!$C$2:$C$1048576,0),MATCH(H$6,'Restaurant Base (Hidden)'!$A$1:$Z$1,0)),"") -> 5 | I46: =+IFERROR(INDEX('Restaurant Base (Hidden)'!$A$2:$Z$1048576,MATCH($C46,'Restaurant Base (Hidden)'!$C$2:$C$1048576,0),MATCH(I$6,'Restaurant Base (Hidden)'!$A$1:$Z$1,0)),"") -> 97,20 % | J46: =+IFERROR(INDEX('Restaurant Base (Hidden)'!$A$2:$Z$1048576,MATCH($C46,'Restaurant Base (Hidden)'!$C$2:$C$1048576,0),MATCH(J$6,'Restaurant Base (Hidden)'!$A$1:$Z$1,0)),"") -> 5 | K46: =+IFERROR(INDEX('Restaurant Base (Hidden)'!$A$2:$Z$1048576,MATCH($C46,'Restaurant Base (Hidden)'!$C$2:$C$1048576,0),MATCH(K$6,'Restaurant Base (Hidden)'!$A$1:$Z$1,0)),"") -> 0,138 | L46: =+IFERROR(INDEX('Restaurant Base (Hidden)'!$A$2:$Z$1048576,MATCH($C46,'Restaurant Base (Hidden)'!$C$2:$C$1048576,0),MATCH(L$6,'Restaurant Base (Hidden)'!$A$1:$Z$1,0)),"") -> 2 | ... AG46: =+IFERROR(INDEX('Restaurant Base (Hidden)'!$A$2:$Z$1048576,MATCH($C46,'Restaurant Base (Hidden)'!$C$2:$C$1048576,0),MATCH(AG$6,'Restaurant Base (Hidden)'!$A$1:$Z$1,0)),"") -> 2
A47: =IF('Restaurant Base (Hidden)'!A340=0,"", 'Restaurant Base (Hidden)'!A340) -> Skyler Everhart | B47: =IF('Restaurant Base (Hidden)'!B340=0,"", 'Restaurant Base (Hidden)'!B340) -> Willowcrest Dining | C47: =IF('Restaurant Base (Hidden)'!C340=0,"", 'Restaurant Base (Hidden)'!C340) -> Valley Creek | D47: =+IFERROR(RANK(E47,$E$7:$E$3390,),"") -> 41 | E47: =+IFERROR(INDEX('Restaurant Base (Hidden)'!$A$2:$Z$1048576,MATCH($C47,'Restaurant Base (Hidden)'!$C$2:$C$1048576,0),MATCH(E$6,'Restaurant Base (Hidden)'!$A$1:$Z$1,0)),"") -> 3.58 | F47: =+IFERROR(INDEX('Restaurant Base (Hidden)'!$A$2:$Z$1048576,MATCH($C47,'Restaurant Base (Hidden)'!$C$2:$C$1048576,0),MATCH(F$6,'Restaurant Base (Hidden)'!$A$1:$Z$1,0)),"") | G47: =+IFERROR(INDEX('Restaurant Base (Hidden)'!$A$2:$Z$1048576,MATCH($C47,'Restaurant Base (Hidden)'!$C$2:$C$1048576,0),MATCH(G$6,'Restaurant Base (Hidden)'!$A$1:$Z$1,0)),"") -> 4,166 | H47: =+IFERROR(INDEX('Restaurant Base (Hidden)'!$A$2:$Z$1048576,MATCH($C47,'Restaurant Base (Hidden)'!$C$2:$C$1048576,0),MATCH(H$6,'Restaurant Base (Hidden)'!$A$1:$Z$1,0)),"") -> 2 | I47: =+IFERROR(INDEX('Restaurant Base (Hidden)'!$A$2:$Z$1048576,MATCH($C47,'Restaurant Base (Hidden)'!$C$2:$C$1048576,0),MATCH(I$6,'Restaurant Base (Hidden)'!$A$1:$Z$1,0)),"") -> 98,30 % | J47: =+IFERROR(INDEX('Restaurant Base (Hidden)'!$A$2:$Z$1048576,MATCH($C47,'Restaurant Base (Hidden)'!$C$2:$C$1048576,0),MATCH(J$6,'Restaurant Base (Hidden)'!$A$1:$Z$1,0)),"") -> 5 | K47: =+IFERROR(INDEX('Restaurant Base (Hidden)'!$A$2:$Z$1048576,MATCH($C47,'Restaurant Base (Hidden)'!$C$2:$C$1048576,0),MATCH(K$6,'Restaurant Base (Hidden)'!$A$1:$Z$1,0)),"") -> 0,158 | L47: =+IFERROR(INDEX('Restaurant Base (Hidden)'!$A$2:$Z$1048576,MATCH($C47,'Restaurant Base (Hidden)'!$C$2:$C$1048576,0),MATCH(L$6,'Restaurant Base (Hidden)'!$A$1:$Z$1,0)),"") -> 2 | ... AG47: =+IFERROR(INDEX('Restaurant Base (Hidden)'!$A$2:$Z$1048576,MATCH($C47,'Restaurant Base (Hidden)'!$C$2:$C$1048576,0),MATCH(AG$6,'Restaurant Base (Hidden)'!$A$1:$Z$1,0)),"") -> 3
A48: =IF('Restaurant Base (Hidden)'!A94=0,"", 'Restaurant Base (Hidden)'!A94) -> Elliot Hawthorne | B48: =IF('Restaurant Base (Hidden)'!B94=0,"", 'Restaurant Base (Hidden)'!B94) -> Stonebridge Restaurant Co | C48: =IF('Restaurant Base (Hidden)'!C94=0,"", 'Restaurant Base (Hidden)'!C94) -> Westwood View | D48: =+IFERROR(RANK(E48,$E$7:$E$3390,),"") -> 42 | E48: =+IFERROR(INDEX('Restaurant Base (Hidden)'!$A$2:$Z$1048576,MATCH($C48,'Restaurant Base (Hidden)'!$C$2:$C$1048576,0),MATCH(E$6,'Restaurant Base (Hidden)'!$A$1:$Z$1,0)),"") -> 3.57 | F48: =+IFERROR(INDEX('Restaurant Base (Hidden)'!$A$2:$Z$1048576,MATCH($C48,'Restaurant Base (Hidden)'!$C$2:$C$1048576,0),MATCH(F$6,'Restaurant Base (Hidden)'!$A$1:$Z$1,0)),"") | G48: =+IFERROR(INDEX('Restaurant Base (Hidden)'!$A$2:$Z$1048576,MATCH($C48,'Restaurant Base (Hidden)'!$C$2:$C$1048576,0),MATCH(G$6,'Restaurant Base (Hidden)'!$A$1:$Z$1,0)),"") -> 4,028 | H48: =+IFERROR(INDEX('Restaurant Base (Hidden)'!$A$2:$Z$1048576,MATCH($C48,'Restaurant Base (Hidden)'!$C$2:$C$1048576,0),MATCH(H$6,'Restaurant Base (Hidden)'!$A$1:$Z$1,0)),"") -> 1 | I48: =+IFERROR(INDEX('Restaurant Base (Hidden)'!$A$2:$Z$1048576,MATCH($C48,'Restaurant Base (Hidden)'!$C$2:$C$1048576,0),MATCH(I$6,'Restaurant Base (Hidden)'!$A$1:$Z$1,0)),"") -> 95,70 % | J48: =+IFERROR(INDEX('Restaurant Base (Hidden)'!$A$2:$Z$1048576,MATCH($C48,'Restaurant Base (Hidden)'!$C$2:$C$1048576,0),MATCH(J$6,'Restaurant Base (Hidden)'!$A$1:$Z$1,0)),"") -> 5 | K48: =+IFERROR(INDEX('Restaurant Base (Hidden)'!$A$2:$Z$1048576,MATCH($C48,'Restaurant Base (Hidden)'!$C$2:$C$1048576,0),MATCH(K$6,'Restaurant Base (Hidden)'!$A$1:$Z$1,0)),"") -> 0,177 | L48: =+IFERROR(INDEX('Restaurant Base (Hidden)'!$A$2:$Z$1048576,MATCH($C48,'Restaurant Base (Hidden)'!$C$2:$C$1048576,0),MATCH(L$6,'Restaurant Base (Hidden)'!$A$1:$Z$1,0)),"") -> 2 | ... AG48: =+IFERROR(INDEX('Restaurant Base (Hidden)'!$A$2:$Z$1048576,MATCH($C48,'Restaurant Base (Hidden)'!$C$2:$C$1048576,0),MATCH(AG$6,'Restaurant Base (Hidden)'!$A$1:$Z$1,0)),"") -> 5
A49: =IF('Restaurant Base (Hidden)'!A351=0,"", 'Restaurant Base (Hidden)'!A351) -> Blake Bellamy | B49: =IF('Restaurant Base (Hidden)'!B351=0,"", 'Restaurant Base (Hidden)'!B351) -> Rosebridge Hospitality | C49: =IF('Restaurant Base (Hidden)'!C351=0,"", 'Restaurant Base (Hidden)'!C351) -> Ash Way | D49: =+IFERROR(RANK(E49,$E$7:$E$3390,),"") -> 42 | E49: =+IFERROR(INDEX('Restaurant Base (Hidden)'!$A$2:$Z$1048576,MATCH($C49,'Restaurant Base (Hidden)'!$C$2:$C$1048576,0),MATCH(E$6,'Restaurant Base (Hidden)'!$A$1:$Z$1,0)),"") -> 3.57 | F49: =+IFERROR(INDEX('Restaurant Base (Hidden)'!$A$2:$Z$1048576,MATCH($C49,'Restaurant Base (Hidden)'!$C$2:$C$1048576,0),MATCH(F$6,'Restaurant Base (Hidden)'!$A$1:$Z$1,0)),"") | G49: =+IFERROR(INDEX('Restaurant Base (Hidden)'!$A$2:$Z$1048576,MATCH($C49,'Restaurant Base (Hidden)'!$C$2:$C$1048576,0),MATCH(G$6,'Restaurant Base (Hidden)'!$A$1:$Z$1,0)),"") -> 4,536 | H49: =+IFERROR(INDEX('Restaurant Base (Hidden)'!$A$2:$Z$1048576,MATCH($C49,'Restaurant Base (Hidden)'!$C$2:$C$1048576,0),MATCH(H$6,'Restaurant Base (Hidden)'!$A$1:$Z$1,0)),"") -> 5 | I49: =+IFERROR(INDEX('Restaurant Base (Hidden)'!$A$2:$Z$1048576,MATCH($C49,'Restaurant Base (Hidden)'!$C$2:$C$1048576,0),MATCH(I$6,'Restaurant Base (Hidden)'!$A$1:$Z$1,0)),"") -> 83,30 % | J49: =+IFERROR(INDEX('Restaurant Base (Hidden)'!$A$2:$Z$1048576,MATCH($C49,'Restaurant Base (Hidden)'!$C$2:$C$1048576,0),MATCH(J$6,'Restaurant Base (Hidden)'!$A$1:$Z$1,0)),"") -> 3 | K49: =+IFERROR(INDEX('Restaurant Base (Hidden)'!$A$2:$Z$1048576,MATCH($C49,'Restaurant Base (Hidden)'!$C$2:$C$1048576,0),MATCH(K$6,'Restaurant Base (Hidden)'!$A$1:$Z$1,0)),"") -> 0,187 | L49: =+IFERROR(INDEX('Restaurant Base (Hidden)'!$A$2:$Z$1048576,MATCH($C49,'Restaurant Base (Hidden)'!$C$2:$C$1048576,0),MATCH(L$6,'Restaurant Base (Hidden)'!$A$1:$Z$1,0)),"") -> 1 | ... AG49: =+IFERROR(INDEX('Restaurant Base (Hidden)'!$A$2:$Z$1048576,MATCH($C49,'Restaurant Base (Hidden)'!$C$2:$C$1048576,0),MATCH(AG$6,'Restaurant Base (Hidden)'!$A$1:$Z$1,0)),"") -> 4
A50: =IF('Restaurant Base (Hidden)'!A55=0,"", 'Restaurant Base (Hidden)'!A55) -> Dakota Cavendish | B50: =IF('Restaurant Base (Hidden)'!B55=0,"", 'Restaurant Base (Hidden)'!B55) -> Clearview Dining Group | C50: =IF('Restaurant Base (Hidden)'!C55=0,"", 'Restaurant Base (Hidden)'!C55) -> Golden Ridge | D50: =+IFERROR(RANK(E50,$E$7:$E$3390,),"") -> 44 | E50: =+IFERROR(INDEX('Restaurant Base (Hidden)'!$A$2:$Z$1048576,MATCH($C50,'Restaurant Base (Hidden)'!$C$2:$C$1048576,0),MATCH(E$6,'Restaurant Base (Hidden)'!$A$1:$Z$1,0)),"") -> 3.55 | F50: =+IFERROR(INDEX('Restaurant Base (Hidden)'!$A$2:$Z$1048576,MATCH($C50,'Restaurant Base (Hidden)'!$C$2:$C$1048576,0),MATCH(F$6,'Restaurant Base (Hidden)'!$A$1:$Z$1,0)),"") | G50: =+IFERROR(INDEX('Restaurant Base (Hidden)'!$A$2:$Z$1048576,MATCH($C50,'Restaurant Base (Hidden)'!$C$2:$C$1048576,0),MATCH(G$6,'Restaurant Base (Hidden)'!$A$1:$Z$1,0)),"") -> 4,475 | H50: =+IFERROR(INDEX('Restaurant Base (Hidden)'!$A$2:$Z$1048576,MATCH($C50,'Restaurant Base (Hidden)'!$C$2:$C$1048576,0),MATCH(H$6,'Restaurant Base (Hidden)'!$A$1:$Z$1,0)),"") -> 4 | I50: =+IFERROR(INDEX('Restaurant Base (Hidden)'!$A$2:$Z$1048576,MATCH($C50,'Restaurant Base (Hidden)'!$C$2:$C$1048576,0),MATCH(I$6,'Restaurant Base (Hidden)'!$A$1:$Z$1,0)),"") -> 93,40 % | J50: =+IFERROR(INDEX('Restaurant Base (Hidden)'!$A$2:$Z$1048576,MATCH($C50,'Restaurant Base (Hidden)'!$C$2:$C$1048576,0),MATCH(J$6,'Restaurant Base (Hidden)'!$A$1:$Z$1,0)),"") -> 4 | K50: =+IFERROR(INDEX('Restaurant Base (Hidden)'!$A$2:$Z$1048576,MATCH($C50,'Restaurant Base (Hidden)'!$C$2:$C$1048576,0),MATCH(K$6,'Restaurant Base (Hidden)'!$A$1:$Z$1,0)),"") -> 0,086 | L50: =+IFERROR(INDEX('Restaurant Base (Hidden)'!$A$2:$Z$1048576,MATCH($C50,'Restaurant Base (Hidden)'!$C$2:$C$1048576,0),MATCH(L$6,'Restaurant Base (Hidden)'!$A$1:$Z$1,0)),"") -> 4 | ... AG50: =+IFERROR(INDEX('Restaurant Base (Hidden)'!$A$2:$Z$1048576,MATCH($C50,'Restaurant Base (Hidden)'!$C$2:$C$1048576,0),MATCH(AG$6,'Restaurant Base (Hidden)'!$A$1:$Z$1,0)),"") -> 1
A51: =IF('Restaurant Base (Hidden)'!A207=0,"", 'Restaurant Base (Hidden)'!A207) -> Casey Briarwood | B51: =IF('Restaurant Base (Hidden)'!B207=0,"", 'Restaurant Base (Hidden)'!B207) -> Brightfield Dining | C51: =IF('Restaurant Base (Hidden)'!C207=0,"", 'Restaurant Base (Hidden)'!C207) -> Harbor Point | D51: =+IFERROR(RANK(E51,$E$7:$E$3390,),"") -> 44 | E51: =+IFERROR(INDEX('Restaurant Base (Hidden)'!$A$2:$Z$1048576,MATCH($C51,'Restaurant Base (Hidden)'!$C$2:$C$1048576,0),MATCH(E$6,'Restaurant Base (Hidden)'!$A$1:$Z$1,0)),"") -> 3.55 | F51: =+IFERROR(INDEX('Restaurant Base (Hidden)'!$A$2:$Z$1048576,MATCH($C51,'Restaurant Base (Hidden)'!$C$2:$C$1048576,0),MATCH(F$6,'Restaurant Base (Hidden)'!$A$1:$Z$1,0)),"") | G51: =+IFERROR(INDEX('Restaurant Base (Hidden)'!$A$2:$Z$1048576,MATCH($C51,'Restaurant Base (Hidden)'!$C$2:$C$1048576,0),MATCH(G$6,'Restaurant Base (Hidden)'!$A$1:$Z$1,0)),"") -> 4,524 | H51: =+IFERROR(INDEX('Restaurant Base (Hidden)'!$A$2:$Z$1048576,MATCH($C51,'Restaurant Base (Hidden)'!$C$2:$C$1048576,0),MATCH(H$6,'Restaurant Base (Hidden)'!$A$1:$Z$1,0)),"") -> 5 | I51: =+IFERROR(INDEX('Restaurant Base (Hidden)'!$A$2:$Z$1048576,MATCH($C51,'Restaurant Base (Hidden)'!$C$2:$C$1048576,0),MATCH(I$6,'Restaurant Base (Hidden)'!$A$1:$Z$1,0)),"") -> 79,70 % | J51: =+IFERROR(INDEX('Restaurant Base (Hidden)'!$A$2:$Z$1048576,MATCH($C51,'Restaurant Base (Hidden)'!$C$2:$C$1048576,0),MATCH(J$6,'Restaurant Base (Hidden)'!$A$1:$Z$1,0)),"") -> 2 | K51: =+IFERROR(INDEX('Restaurant Base (Hidden)'!$A$2:$Z$1048576,MATCH($C51,'Restaurant Base (Hidden)'!$C$2:$C$1048576,0),MATCH(K$6,'Restaurant Base (Hidden)'!$A$1:$Z$1,0)),"") -> 0,049 | L51: =+IFERROR(INDEX('Restaurant Base (Hidden)'!$A$2:$Z$1048576,MATCH($C51,'Restaurant Base (Hidden)'!$C$2:$C$1048576,0),MATCH(L$6,'Restaurant Base (Hidden)'!$A$1:$Z$1,0)),"") -> 5 | ... AG51: =+IFERROR(INDEX('Restaurant Base (Hidden)'!$A$2:$Z$1048576,MATCH($C51,'Restaurant Base (Hidden)'!$C$2:$C$1048576,0),MATCH(AG$6,'Restaurant Base (Hidden)'!$A$1:$Z$1,0)),"") -> 2
A52: =IF('Restaurant Base (Hidden)'!A238=0,"", 'Restaurant Base (Hidden)'!A238) -> Drew Fairbourne | B52: =IF('Restaurant Base (Hidden)'!B238=0,"", 'Restaurant Base (Hidden)'!B238) -> Havenbrook Restaurants | C52: =IF('Restaurant Base (Hidden)'!C238=0,"", 'Restaurant Base (Hidden)'!C238) -> Evergreen Meadows | D52: =+IFERROR(RANK(E52,$E$7:$E$3390,),"") -> 44 | E52: =+IFERROR(INDEX('Restaurant Base (Hidden)'!$A$2:$Z$1048576,MATCH($C52,'Restaurant Base (Hidden)'!$C$2:$C$1048576,0),MATCH(E$6,'Restaurant Base (Hidden)'!$A$1:$Z$1,0)),"") -> 3.55 | F52: =+IFERROR(INDEX('Restaurant Base (Hidden)'!$A$2:$Z$1048576,MATCH($C52,'Restaurant Base (Hidden)'!$C$2:$C$1048576,0),MATCH(F$6,'Restaurant Base (Hidden)'!$A$1:$Z$1,0)),"") | G52: =+IFERROR(INDEX('Restaurant Base (Hidden)'!$A$2:$Z$1048576,MATCH($C52,'Restaurant Base (Hidden)'!$C$2:$C$1048576,0),MATCH(G$6,'Restaurant Base (Hidden)'!$A$1:$Z$1,0)),"") -> 4,274 | H52: =+IFERROR(INDEX('Restaurant Base (Hidden)'!$A$2:$Z$1048576,MATCH($C52,'Restaurant Base (Hidden)'!$C$2:$C$1048576,0),MATCH(H$6,'Restaurant Base (Hidden)'!$A$1:$Z$1,0)),"") -> 3 | I52: =+IFERROR(INDEX('Restaurant Base (Hidden)'!$A$2:$Z$1048576,MATCH($C52,'Restaurant Base (Hidden)'!$C$2:$C$1048576,0),MATCH(I$6,'Restaurant Base (Hidden)'!$A$1:$Z$1,0)),"") -> 85,90 % | J52: =+IFERROR(INDEX('Restaurant Base (Hidden)'!$A$2:$Z$1048576,MATCH($C52,'Restaurant Base (Hidden)'!$C$2:$C$1048576,0),MATCH(J$6,'Restaurant Base (Hidden)'!$A$1:$Z$1,0)),"") -> 3 | K52: =+IFERROR(INDEX('Restaurant Base (Hidden)'!$A$2:$Z$1048576,MATCH($C52,'Restaurant Base (Hidden)'!$C$2:$C$1048576,0),MATCH(K$6,'Restaurant Base (Hidden)'!$A$1:$Z$1,0)),"") -> 0,175 | L52: =+IFERROR(INDEX('Restaurant Base (Hidden)'!$A$2:$Z$1048576,MATCH($C52,'Restaurant Base (Hidden)'!$C$2:$C$1048576,0),MATCH(L$6,'Restaurant Base (Hidden)'!$A$1:$Z$1,0)),"") -> 2 | ... AG52: =+IFERROR(INDEX('Restaurant Base (Hidden)'!$A$2:$Z$1048576,MATCH($C52,'Restaurant Base (Hidden)'!$C$2:$C$1048576,0),MATCH(AG$6,'Restaurant Base (Hidden)'!$A$1:$Z$1,0)),"") -> 4
A53: =IF('Restaurant Base (Hidden)'!A329=0,"", 'Restaurant Base (Hidden)'!A329) -> Hayden Merriton | B53: =IF('Restaurant Base (Hidden)'!B329=0,"", 'Restaurant Base (Hidden)'!B329) -> Rivermark Food Group | C53: =IF('Restaurant Base (Hidden)'!C329=0,"", 'Restaurant Base (Hidden)'!C329) -> Elm Plaza | D53: =+IFERROR(RANK(E53,$E$7:$E$3390,),"") -> 44 | E53: =+IFERROR(INDEX('Restaurant Base (Hidden)'!$A$2:$Z$1048576,MATCH($C53,'Restaurant Base (Hidden)'!$C$2:$C$1048576,0),MATCH(E$6,'Restaurant Base (Hidden)'!$A$1:$Z$1,0)),"") -> 3.55 | F53: =+IFERROR(INDEX('Restaurant Base (Hidden)'!$A$2:$Z$1048576,MATCH($C53,'Restaurant Base (Hidden)'!$C$2:$C$1048576,0),MATCH(F$6,'Restaurant Base (Hidden)'!$A$1:$Z$1,0)),"") | G53: =+IFERROR(INDEX('Restaurant Base (Hidden)'!$A$2:$Z$1048576,MATCH($C53,'Restaurant Base (Hidden)'!$C$2:$C$1048576,0),MATCH(G$6,'Restaurant Base (Hidden)'!$A$1:$Z$1,0)),"") -> 4,147 | H53: =+IFERROR(INDEX('Restaurant Base (Hidden)'!$A$2:$Z$1048576,MATCH($C53,'Restaurant Base (Hidden)'!$C$2:$C$1048576,0),MATCH(H$6,'Restaurant Base (Hidden)'!$A$1:$Z$1,0)),"") -> 2 | I53: =+IFERROR(INDEX('Restaurant Base (Hidden)'!$A$2:$Z$1048576,MATCH($C53,'Restaurant Base (Hidden)'!$C$2:$C$1048576,0),MATCH(I$6,'Restaurant Base (Hidden)'!$A$1:$Z$1,0)),"") -> 99,30 % | J53: =+IFERROR(INDEX('Restaurant Base (Hidden)'!$A$2:$Z$1048576,MATCH($C53,'Restaurant Base (Hidden)'!$C$2:$C$1048576,0),MATCH(J$6,'Restaurant Base (Hidden)'!$A$1:$Z$1,0)),"") -> 5 | K53: =+IFERROR(INDEX('Restaurant Base (Hidden)'!$A$2:$Z$1048576,MATCH($C53,'Restaurant Base (Hidden)'!$C$2:$C$1048576,0),MATCH(K$6,'Restaurant Base (Hidden)'!$A$1:$Z$1,0)),"") -> 0,073 | L53: =+IFERROR(INDEX('Restaurant Base (Hidden)'!$A$2:$Z$1048576,MATCH($C53,'Restaurant Base (Hidden)'!$C$2:$C$1048576,0),MATCH(L$6,'Restaurant Base (Hidden)'!$A$1:$Z$1,0)),"") -> 4 | ... AG53: =+IFERROR(INDEX('Restaurant Base (Hidden)'!$A$2:$Z$1048576,MATCH($C53,'Restaurant Base (Hidden)'!$C$2:$C$1048576,0),MATCH(AG$6,'Restaurant Base (Hidden)'!$A$1:$Z$1,0)),"") -> 3
A54: =IF('Restaurant Base (Hidden)'!A65=0,"", 'Restaurant Base (Hidden)'!A65) -> Elliot Hawthorne | B54: =IF('Restaurant Base (Hidden)'!B65=0,"", 'Restaurant Base (Hidden)'!B65) -> Lakeshore Food Partners | C54: =IF('Restaurant Base (Hidden)'!C65=0,"", 'Restaurant Base (Hidden)'!C65) -> Willow Junction | D54: =+IFERROR(RANK(E54,$E$7:$E$3390,),"") -> 48 | E54: =+IFERROR(INDEX('Restaurant Base (Hidden)'!$A$2:$Z$1048576,MATCH($C54,'Restaurant Base (Hidden)'!$C$2:$C$1048576,0),MATCH(E$6,'Restaurant Base (Hidden)'!$A$1:$Z$1,0)),"") -> 3.54 | F54: =+IFERROR(INDEX('Restaurant Base (Hidden)'!$A$2:$Z$1048576,MATCH($C54,'Restaurant Base (Hidden)'!$C$2:$C$1048576,0),MATCH(F$6,'Restaurant Base (Hidden)'!$A$1:$Z$1,0)),"") | G54: =+IFERROR(INDEX('Restaurant Base (Hidden)'!$A$2:$Z$1048576,MATCH($C54,'Restaurant Base (Hidden)'!$C$2:$C$1048576,0),MATCH(G$6,'Restaurant Base (Hidden)'!$A$1:$Z$1,0)),"") -> 4,165 | H54: =+IFERROR(INDEX('Restaurant Base (Hidden)'!$A$2:$Z$1048576,MATCH($C54,'Restaurant Base (Hidden)'!$C$2:$C$1048576,0),MATCH(H$6,'Restaurant Base (Hidden)'!$A$1:$Z$1,0)),"") -> 2 | I54: =+IFERROR(INDEX('Restaurant Base (Hidden)'!$A$2:$Z$1048576,MATCH($C54,'Restaurant Base (Hidden)'!$C$2:$C$1048576,0),MATCH(I$6,'Restaurant Base (Hidden)'!$A$1:$Z$1,0)),"") -> 85,20 % | J54: =+IFERROR(INDEX('Restaurant Base (Hidden)'!$A$2:$Z$1048576,MATCH($C54,'Restaurant Base (Hidden)'!$C$2:$C$1048576,0),MATCH(J$6,'Restaurant Base (Hidden)'!$A$1:$Z$1,0)),"") -> 3 | K54: =+IFERROR(INDEX('Restaurant Base (Hidden)'!$A$2:$Z$1048576,MATCH($C54,'Restaurant Base (Hidden)'!$C$2:$C$1048576,0),MATCH(K$6,'Restaurant Base (Hidden)'!$A$1:$Z$1,0)),"") -> 0,038 | L54: =+IFERROR(INDEX('Restaurant Base (Hidden)'!$A$2:$Z$1048576,MATCH($C54,'Restaurant Base (Hidden)'!$C$2:$C$1048576,0),MATCH(L$6,'Restaurant Base (Hidden)'!$A$1:$Z$1,0)),"") -> 5 | ... AG54: =+IFERROR(INDEX('Restaurant Base (Hidden)'!$A$2:$Z$1048576,MATCH($C54,'Restaurant Base (Hidden)'!$C$2:$C$1048576,0),MATCH(AG$6,'Restaurant Base (Hidden)'!$A$1:$Z$1,0)),"") -> 2
A55: =IF('Restaurant Base (Hidden)'!A119=0,"", 'Restaurant Base (Hidden)'!A119) -> Blake Bellamy | B55: =IF('Restaurant Base (Hidden)'!B119=0,"", 'Restaurant Base (Hidden)'!B119) -> Pinecrest Hospitality | C55: =IF('Restaurant Base (Hidden)'!C119=0,"", 'Restaurant Base (Hidden)'!C119) -> Oakridge Point | D55: =+IFERROR(RANK(E55,$E$7:$E$3390,),"") -> 48 | E55: =+IFERROR(INDEX('Restaurant Base (Hidden)'!$A$2:$Z$1048576,MATCH($C55,'Restaurant Base (Hidden)'!$C$2:$C$1048576,0),MATCH(E$6,'Restaurant Base (Hidden)'!$A$1:$Z$1,0)),"") -> 3.54 | F55: =+IFERROR(INDEX('Restaurant Base (Hidden)'!$A$2:$Z$1048576,MATCH($C55,'Restaurant Base (Hidden)'!$C$2:$C$1048576,0),MATCH(F$6,'Restaurant Base (Hidden)'!$A$1:$Z$1,0)),"") | G55: =+IFERROR(INDEX('Restaurant Base (Hidden)'!$A$2:$Z$1048576,MATCH($C55,'Restaurant Base (Hidden)'!$C$2:$C$1048576,0),MATCH(G$6,'Restaurant Base (Hidden)'!$A$1:$Z$1,0)),"") -> 4,517 | H55: =+IFERROR(INDEX('Restaurant Base (Hidden)'!$A$2:$Z$1048576,MATCH($C55,'Restaurant Base (Hidden)'!$C$2:$C$1048576,0),MATCH(H$6,'Restaurant Base (Hidden)'!$A$1:$Z$1,0)),"") -> 5 | I55: =+IFERROR(INDEX('Restaurant Base (Hidden)'!$A$2:$Z$1048576,MATCH($C55,'Restaurant Base (Hidden)'!$C$2:$C$1048576,0),MATCH(I$6,'Restaurant Base (Hidden)'!$A$1:$Z$1,0)),"") -> 61,30 % | J55: =+IFERROR(INDEX('Restaurant Base (Hidden)'!$A$2:$Z$1048576,MATCH($C55,'Restaurant Base (Hidden)'!$C$2:$C$1048576,0),MATCH(J$6,'Restaurant Base (Hidden)'!$A$1:$Z$1,0)),"") -> 1 | K55: =+IFERROR(INDEX('Restaurant Base (Hidden)'!$A$2:$Z$1048576,MATCH($C55,'Restaurant Base (Hidden)'!$C$2:$C$1048576,0),MATCH(K$6,'Restaurant Base (Hidden)'!$A$1:$Z$1,0)),"") -> 0,111 | L55: =+IFERROR(INDEX('Restaurant Base (Hidden)'!$A$2:$Z$1048576,MATCH($C55,'Restaurant Base (Hidden)'!$C$2:$C$1048576,0),MATCH(L$6,'Restaurant Base (Hidden)'!$A$1:$Z$1,0)),"") -> 3 | ... AG55: =+IFERROR(INDEX('Restaurant Base (Hidden)'!$A$2:$Z$1048576,MATCH($C55,'Restaurant Base (Hidden)'!$C$2:$C$1048576,0),MATCH(AG$6,'Restaurant Base (Hidden)'!$A$1:$Z$1,0)),"") -> 3
A56: =IF('Restaurant Base (Hidden)'!A245=0,"", 'Restaurant Base (Hidden)'!A245) -> Kendall Prescott | B56: =IF('Restaurant Base (Hidden)'!B245=0,"", 'Restaurant Base (Hidden)'!B245) -> Oakbridge Restaurant Group | C56: =IF('Restaurant Base (Hidden)'!C245=0,"", 'Restaurant Base (Hidden)'!C245) -> Meadow Plaza | D56: =+IFERROR(RANK(E56,$E$7:$E$3390,),"") -> 48 | E56: =+IFERROR(INDEX('Restaurant Base (Hidden)'!$A$2:$Z$1048576,MATCH($C56,'Restaurant Base (Hidden)'!$C$2:$C$1048576,0),MATCH(E$6,'Restaurant Base (Hidden)'!$A$1:$Z$1,0)),"") -> 3.54 | F56: =+IFERROR(INDEX('Restaurant Base (Hidden)'!$A$2:$Z$1048576,MATCH($C56,'Restaurant Base (Hidden)'!$C$2:$C$1048576,0),MATCH(F$6,'Restaurant Base (Hidden)'!$A$1:$Z$1,0)),"") | G56: =+IFERROR(INDEX('Restaurant Base (Hidden)'!$A$2:$Z$1048576,MATCH($C56,'Restaurant Base (Hidden)'!$C$2:$C$1048576,0),MATCH(G$6,'Restaurant Base (Hidden)'!$A$1:$Z$1,0)),"") -> 4,098 | H56: =+IFERROR(INDEX('Restaurant Base (Hidden)'!$A$2:$Z$1048576,MATCH($C56,'Restaurant Base (Hidden)'!$C$2:$C$1048576,0),MATCH(H$6,'Restaurant Base (Hidden)'!$A$1:$Z$1,0)),"") -> 2 | I56: =+IFERROR(INDEX('Restaurant Base (Hidden)'!$A$2:$Z$1048576,MATCH($C56,'Restaurant Base (Hidden)'!$C$2:$C$1048576,0),MATCH(I$6,'Restaurant Base (Hidden)'!$A$1:$Z$1,0)),"") -> 96,90 % | J56: =+IFERROR(INDEX('Restaurant Base (Hidden)'!$A$2:$Z$1048576,MATCH($C56,'Restaurant Base (Hidden)'!$C$2:$C$1048576,0),MATCH(J$6,'Restaurant Base (Hidden)'!$A$1:$Z$1,0)),"") -> 5 | K56: =+IFERROR(INDEX('Restaurant Base (Hidden)'!$A$2:$Z$1048576,MATCH($C56,'Restaurant Base (Hidden)'!$C$2:$C$1048576,0),MATCH(K$6,'Restaurant Base (Hidden)'!$A$1:$Z$1,0)),"") -> 0,050 | L56: =+IFERROR(INDEX('Restaurant Base (Hidden)'!$A$2:$Z$1048576,MATCH($C56,'Restaurant Base (Hidden)'!$C$2:$C$1048576,0),MATCH(L$6,'Restaurant Base (Hidden)'!$A$1:$Z$1,0)),"") -> 5 | ... AG56: =+IFERROR(INDEX('Restaurant Base (Hidden)'!$A$2:$Z$1048576,MATCH($C56,'Restaurant Base (Hidden)'!$C$2:$C$1048576,0),MATCH(AG$6,'Restaurant Base (Hidden)'!$A$1:$Z$1,0)),"") -> 3
A57: =IF('Restaurant Base (Hidden)'!A283=0,"", 'Restaurant Base (Hidden)'!A283) -> Taylor Hartwell | B57: =IF('Restaurant Base (Hidden)'!B283=0,"", 'Restaurant Base (Hidden)'!B283) -> Bluecrest Food Partners | C57: =IF('Restaurant Base (Hidden)'!C283=0,"", 'Restaurant Base (Hidden)'!C283) -> Ash Lodge | D57: =+IFERROR(RANK(E57,$E$7:$E$3390,),"") -> 48 | E57: =+IFERROR(INDEX('Restaurant Base (Hidden)'!$A$2:$Z$1048576,MATCH($C57,'Restaurant Base (Hidden)'!$C$2:$C$1048576,0),MATCH(E$6,'Restaurant Base (Hidden)'!$A$1:$Z$1,0)),"") -> 3.54 | F57: =+IFERROR(INDEX('Restaurant Base (Hidden)'!$A$2:$Z$1048576,MATCH($C57,'Restaurant Base (Hidden)'!$C$2:$C$1048576,0),MATCH(F$6,'Restaurant Base (Hidden)'!$A$1:$Z$1,0)),"") | G57: =+IFERROR(INDEX('Restaurant Base (Hidden)'!$A$2:$Z$1048576,MATCH($C57,'Restaurant Base (Hidden)'!$C$2:$C$1048576,0),MATCH(G$6,'Restaurant Base (Hidden)'!$A$1:$Z$1,0)),"") -> 4,779 | H57: =+IFERROR(INDEX('Restaurant Base (Hidden)'!$A$2:$Z$1048576,MATCH($C57,'Restaurant Base (Hidden)'!$C$2:$C$1048576,0),MATCH(H$6,'Restaurant Base (Hidden)'!$A$1:$Z$1,0)),"") -> 5 | I57: =+IFERROR(INDEX('Restaurant Base (Hidden)'!$A$2:$Z$1048576,MATCH($C57,'Restaurant Base (Hidden)'!$C$2:$C$1048576,0),MATCH(I$6,'Restaurant Base (Hidden)'!$A$1:$Z$1,0)),"") -> 88,30 % | J57: =+IFERROR(INDEX('Restaurant Base (Hidden)'!$A$2:$Z$1048576,MATCH($C57,'Restaurant Base (Hidden)'!$C$2:$C$1048576,0),MATCH(J$6,'Restaurant Base (Hidden)'!$A$1:$Z$1,0)),"") -> 4 | K57: =+IFERROR(INDEX('Restaurant Base (Hidden)'!$A$2:$Z$1048576,MATCH($C57,'Restaurant Base (Hidden)'!$C$2:$C$1048576,0),MATCH(K$6,'Restaurant Base (Hidden)'!$A$1:$Z$1,0)),"") -> 0,178 | L57: =+IFERROR(INDEX('Restaurant Base (Hidden)'!$A$2:$Z$1048576,MATCH($C57,'Restaurant Base (Hidden)'!$C$2:$C$1048576,0),MATCH(L$6,'Restaurant Base (Hidden)'!$A$1:$Z$1,0)),"") -> 2 | ... AG57: =+IFERROR(INDEX('Restaurant Base (Hidden)'!$A$2:$Z$1048576,MATCH($C57,'Restaurant Base (Hidden)'!$C$2:$C$1048576,0),MATCH(AG$6,'Restaurant Base (Hidden)'!$A$1:$Z$1,0)),"") -> 1
A58: =IF('Restaurant Base (Hidden)'!A106=0,"", 'Restaurant Base (Hidden)'!A106) -> Riley Wellington | B58: =IF('Restaurant Base (Hidden)'!B106=0,"", 'Restaurant Base (Hidden)'!B106) -> Highland Crest Restaurants | C58: =IF('Restaurant Base (Hidden)'!C106=0,"", 'Restaurant Base (Hidden)'!C106) -> Oak Gate | D58: =+IFERROR(RANK(E58,$E$7:$E$3390,),"") -> 52 | E58: =+IFERROR(INDEX('Restaurant Base (Hidden)'!$A$2:$Z$1048576,MATCH($C58,'Restaurant Base (Hidden)'!$C$2:$C$1048576,0),MATCH(E$6,'Restaurant Base (Hidden)'!$A$1:$Z$1,0)),"") -> 3.53 | F58: =+IFERROR(INDEX('Restaurant Base (Hidden)'!$A$2:$Z$1048576,MATCH($C58,'Restaurant Base (Hidden)'!$C$2:$C$1048576,0),MATCH(F$6,'Restaurant Base (Hidden)'!$A$1:$Z$1,0)),"") | G58: =+IFERROR(INDEX('Restaurant Base (Hidden)'!$A$2:$Z$1048576,MATCH($C58,'Restaurant Base (Hidden)'!$C$2:$C$1048576,0),MATCH(G$6,'Restaurant Base (Hidden)'!$A$1:$Z$1,0)),"") -> 4,420 | H58: =+IFERROR(INDEX('Restaurant Base (Hidden)'!$A$2:$Z$1048576,MATCH($C58,'Restaurant Base (Hidden)'!$C$2:$C$1048576,0),MATCH(H$6,'Restaurant Base (Hidden)'!$A$1:$Z$1,0)),"") -> 4 | I58: =+IFERROR(INDEX('Restaurant Base (Hidden)'!$A$2:$Z$1048576,MATCH($C58,'Restaurant Base (Hidden)'!$C$2:$C$1048576,0),MATCH(I$6,'Restaurant Base (Hidden)'!$A$1:$Z$1,0)),"") -> 87,70 % | J58: =+IFERROR(INDEX('Restaurant Base (Hidden)'!$A$2:$Z$1048576,MATCH($C58,'Restaurant Base (Hidden)'!$C$2:$C$1048576,0),MATCH(J$6,'Restaurant Base (Hidden)'!$A$1:$Z$1,0)),"") -> 3 | K58: =+IFERROR(INDEX('Restaurant Base (Hidden)'!$A$2:$Z$1048576,MATCH($C58,'Restaurant Base (Hidden)'!$C$2:$C$1048576,0),MATCH(K$6,'Restaurant Base (Hidden)'!$A$1:$Z$1,0)),"") -> 0,161 | L58: =+IFERROR(INDEX('Restaurant Base (Hidden)'!$A$2:$Z$1048576,MATCH($C58,'Restaurant Base (Hidden)'!$C$2:$C$1048576,0),MATCH(L$6,'Restaurant Base (Hidden)'!$A$1:$Z$1,0)),"") -> 2 | ... AG58: =+IFERROR(INDEX('Restaurant Base (Hidden)'!$A$2:$Z$1048576,MATCH($C58,'Restaurant Base (Hidden)'!$C$2:$C$1048576,0),MATCH(AG$6,'Restaurant Base (Hidden)'!$A$1:$Z$1,0)),"") -> 1
A59: =IF('Restaurant Base (Hidden)'!A391=0,"", 'Restaurant Base (Hidden)'!A391) -> Logan Redford | B59: =IF('Restaurant Base (Hidden)'!B391=0,"", 'Restaurant Base (Hidden)'!B391) -> Rosebridge Hospitality | C59: =IF('Restaurant Base (Hidden)'!C391=0,"", 'Restaurant Base (Hidden)'!C391) -> Lunar Boulevard | D59: =+IFERROR(RANK(E59,$E$7:$E$3390,),"") -> 52 | E59: =+IFERROR(INDEX('Restaurant Base (Hidden)'!$A$2:$Z$1048576,MATCH($C59,'Restaurant Base (Hidden)'!$C$2:$C$1048576,0),MATCH(E$6,'Restaurant Base (Hidden)'!$A$1:$Z$1,0)),"") -> 3.53 | F59: =+IFERROR(INDEX('Restaurant Base (Hidden)'!$A$2:$Z$1048576,MATCH($C59,'Restaurant Base (Hidden)'!$C$2:$C$1048576,0),MATCH(F$6,'Restaurant Base (Hidden)'!$A$1:$Z$1,0)),"") | G59: =+IFERROR(INDEX('Restaurant Base (Hidden)'!$A$2:$Z$1048576,MATCH($C59,'Restaurant Base (Hidden)'!$C$2:$C$1048576,0),MATCH(G$6,'Restaurant Base (Hidden)'!$A$1:$Z$1,0)),"") -> 4,643 | H59: =+IFERROR(INDEX('Restaurant Base (Hidden)'!$A$2:$Z$1048576,MATCH($C59,'Restaurant Base (Hidden)'!$C$2:$C$1048576,0),MATCH(H$6,'Restaurant Base (Hidden)'!$A$1:$Z$1,0)),"") -> 5 | I59: =+IFERROR(INDEX('Restaurant Base (Hidden)'!$A$2:$Z$1048576,MATCH($C59,'Restaurant Base (Hidden)'!$C$2:$C$1048576,0),MATCH(I$6,'Restaurant Base (Hidden)'!$A$1:$Z$1,0)),"") -> 76,20 % | J59: =+IFERROR(INDEX('Restaurant Base (Hidden)'!$A$2:$Z$1048576,MATCH($C59,'Restaurant Base (Hidden)'!$C$2:$C$1048576,0),MATCH(J$6,'Restaurant Base (Hidden)'!$A$1:$Z$1,0)),"") -> 1 | K59: =+IFERROR(INDEX('Restaurant Base (Hidden)'!$A$2:$Z$1048576,MATCH($C59,'Restaurant Base (Hidden)'!$C$2:$C$1048576,0),MATCH(K$6,'Restaurant Base (Hidden)'!$A$1:$Z$1,0)),"") -> 0,035 | L59: =+IFERROR(INDEX('Restaurant Base (Hidden)'!$A$2:$Z$1048576,MATCH($C59,'Restaurant Base (Hidden)'!$C$2:$C$1048576,0),MATCH(L$6,'Restaurant Base (Hidden)'!$A$1:$Z$1,0)),"") -> 5 | ... AG59: =+IFERROR(INDEX('Restaurant Base (Hidden)'!$A$2:$Z$1048576,MATCH($C59,'Restaurant Base (Hidden)'!$C$2:$C$1048576,0),MATCH(AG$6,'Restaurant Base (Hidden)'!$A$1:$Z$1,0)),"") -> 3
A60: =IF('Restaurant Base (Hidden)'!A29=0,"", 'Restaurant Base (Hidden)'!A29) -> Sawyer Thornfield | B60: =IF('Restaurant Base (Hidden)'!B29=0,"", 'Restaurant Base (Hidden)'!B29) -> Westfield Food Group | C60: =IF('Restaurant Base (Hidden)'!C29=0,"", 'Restaurant Base (Hidden)'!C29) -> Crestfield Grove | D60: =+IFERROR(RANK(E60,$E$7:$E$3390,),"") -> 54 | E60: =+IFERROR(INDEX('Restaurant Base (Hidden)'!$A$2:$Z$1048576,MATCH($C60,'Restaurant Base (Hidden)'!$C$2:$C$1048576,0),MATCH(E$6,'Restaurant Base (Hidden)'!$A$1:$Z$1,0)),"") -> 3.52 | F60: =+IFERROR(INDEX('Restaurant Base (Hidden)'!$A$2:$Z$1048576,MATCH($C60,'Restaurant Base (Hidden)'!$C$2:$C$1048576,0),MATCH(F$6,'Restaurant Base (Hidden)'!$A$1:$Z$1,0)),"") | G60: =+IFERROR(INDEX('Restaurant Base (Hidden)'!$A$2:$Z$1048576,MATCH($C60,'Restaurant Base (Hidden)'!$C$2:$C$1048576,0),MATCH(G$6,'Restaurant Base (Hidden)'!$A$1:$Z$1,0)),"") -> 4,149 | H60: =+IFERROR(INDEX('Restaurant Base (Hidden)'!$A$2:$Z$1048576,MATCH($C60,'Restaurant Base (Hidden)'!$C$2:$C$1048576,0),MATCH(H$6,'Restaurant Base (Hidden)'!$A$1:$Z$1,0)),"") -> 2 | I60: =+IFERROR(INDEX('Restaurant Base (Hidden)'!$A$2:$Z$1048576,MATCH($C60,'Restaurant Base (Hidden)'!$C$2:$C$1048576,0),MATCH(I$6,'Restaurant Base (Hidden)'!$A$1:$Z$1,0)),"") -> 56,60 % | J60: =+IFERROR(INDEX('Restaurant Base (Hidden)'!$A$2:$Z$1048576,MATCH($C60,'Restaurant Base (Hidden)'!$C$2:$C$1048576,0),MATCH(J$6,'Restaurant Base (Hidden)'!$A$1:$Z$1,0)),"") -> 1 | K60: =+IFERROR(INDEX('Restaurant Base (Hidden)'!$A$2:$Z$1048576,MATCH($C60,'Restaurant Base (Hidden)'!$C$2:$C$1048576,0),MATCH(K$6,'Restaurant Base (Hidden)'!$A$1:$Z$1,0)),"") -> 0,053 | L60: =+IFERROR(INDEX('Restaurant Base (Hidden)'!$A$2:$Z$1048576,MATCH($C60,'Restaurant Base (Hidden)'!$C$2:$C$1048576,0),MATCH(L$6,'Restaurant Base (Hidden)'!$A$1:$Z$1,0)),"") -> 5 | ... AG60: =+IFERROR(INDEX('Restaurant Base (Hidden)'!$A$2:$Z$1048576,MATCH($C60,'Restaurant Base (Hidden)'!$C$2:$C$1048576,0),MATCH(AG$6,'Restaurant Base (Hidden)'!$A$1:$Z$1,0)),"") -> 4
A61: =IF('Restaurant Base (Hidden)'!A121=0,"", 'Restaurant Base (Hidden)'!A121) -> Cameron Creston | B61: =IF('Restaurant Base (Hidden)'!B121=0,"", 'Restaurant Base (Hidden)'!B121) -> Sunridge Food Partners | C61: =IF('Restaurant Base (Hidden)'!C121=0,"", 'Restaurant Base (Hidden)'!C121) -> Brightmoor Point | D61: =+IFERROR(RANK(E61,$E$7:$E$3390,),"") -> 54 | E61: =+IFERROR(INDEX('Restaurant Base (Hidden)'!$A$2:$Z$1048576,MATCH($C61,'Restaurant Base (Hidden)'!$C$2:$C$1048576,0),MATCH(E$6,'Restaurant Base (Hidden)'!$A$1:$Z$1,0)),"") -> 3.52 | F61: =+IFERROR(INDEX('Restaurant Base (Hidden)'!$A$2:$Z$1048576,MATCH($C61,'Restaurant Base (Hidden)'!$C$2:$C$1048576,0),MATCH(F$6,'Restaurant Base (Hidden)'!$A$1:$Z$1,0)),"") | G61: =+IFERROR(INDEX('Restaurant Base (Hidden)'!$A$2:$Z$1048576,MATCH($C61,'Restaurant Base (Hidden)'!$C$2:$C$1048576,0),MATCH(G$6,'Restaurant Base (Hidden)'!$A$1:$Z$1,0)),"") -> 4,490 | H61: =+IFERROR(INDEX('Restaurant Base (Hidden)'!$A$2:$Z$1048576,MATCH($C61,'Restaurant Base (Hidden)'!$C$2:$C$1048576,0),MATCH(H$6,'Restaurant Base (Hidden)'!$A$1:$Z$1,0)),"") -> 4 | I61: =+IFERROR(INDEX('Restaurant Base (Hidden)'!$A$2:$Z$1048576,MATCH($C61,'Restaurant Base (Hidden)'!$C$2:$C$1048576,0),MATCH(I$6,'Restaurant Base (Hidden)'!$A$1:$Z$1,0)),"") -> 90,50 % | J61: =+IFERROR(INDEX('Restaurant Base (Hidden)'!$A$2:$Z$1048576,MATCH($C61,'Restaurant Base (Hidden)'!$C$2:$C$1048576,0),MATCH(J$6,'Restaurant Base (Hidden)'!$A$1:$Z$1,0)),"") -> 4 | K61: =+IFERROR(INDEX('Restaurant Base (Hidden)'!$A$2:$Z$1048576,MATCH($C61,'Restaurant Base (Hidden)'!$C$2:$C$1048576,0),MATCH(K$6,'Restaurant Base (Hidden)'!$A$1:$Z$1,0)),"") -> 0,094 | L61: =+IFERROR(INDEX('Restaurant Base (Hidden)'!$A$2:$Z$1048576,MATCH($C61,'Restaurant Base (Hidden)'!$C$2:$C$1048576,0),MATCH(L$6,'Restaurant Base (Hidden)'!$A$1:$Z$1,0)),"") -> 4 | ... AG61: =+IFERROR(INDEX('Restaurant Base (Hidden)'!$A$2:$Z$1048576,MATCH($C61,'Restaurant Base (Hidden)'!$C$2:$C$1048576,0),MATCH(AG$6,'Restaurant Base (Hidden)'!$A$1:$Z$1,0)),"") -> 3
A62: =IF('Restaurant Base (Hidden)'!A184=0,"", 'Restaurant Base (Hidden)'!A184) -> Hayden Merriton | B62: =IF('Restaurant Base (Hidden)'!B184=0,"", 'Restaurant Base (Hidden)'!B184) -> Brookvale Dining | C62: =IF('Restaurant Base (Hidden)'!C184=0,"", 'Restaurant Base (Hidden)'!C184) -> Brightmoor Landing | D62: =+IFERROR(RANK(E62,$E$7:$E$3390,),"") -> 54 | E62: =+IFERROR(INDEX('Restaurant Base (Hidden)'!$A$2:$Z$1048576,MATCH($C62,'Restaurant Base (Hidden)'!$C$2:$C$1048576,0),MATCH(E$6,'Restaurant Base (Hidden)'!$A$1:$Z$1,0)),"") -> 3.52 | F62: =+IFERROR(INDEX('Restaurant Base (Hidden)'!$A$2:$Z$1048576,MATCH($C62,'Restaurant Base (Hidden)'!$C$2:$C$1048576,0),MATCH(F$6,'Restaurant Base (Hidden)'!$A$1:$Z$1,0)),"") | G62: =+IFERROR(INDEX('Restaurant Base (Hidden)'!$A$2:$Z$1048576,MATCH($C62,'Restaurant Base (Hidden)'!$C$2:$C$1048576,0),MATCH(G$6,'Restaurant Base (Hidden)'!$A$1:$Z$1,0)),"") -> 4,662 | H62: =+IFERROR(INDEX('Restaurant Base (Hidden)'!$A$2:$Z$1048576,MATCH($C62,'Restaurant Base (Hidden)'!$C$2:$C$1048576,0),MATCH(H$6,'Restaurant Base (Hidden)'!$A$1:$Z$1,0)),"") -> 5 | I62: =+IFERROR(INDEX('Restaurant Base (Hidden)'!$A$2:$Z$1048576,MATCH($C62,'Restaurant Base (Hidden)'!$C$2:$C$1048576,0),MATCH(I$6,'Restaurant Base (Hidden)'!$A$1:$Z$1,0)),"") -> 88,50 % | J62: =+IFERROR(INDEX('Restaurant Base (Hidden)'!$A$2:$Z$1048576,MATCH($C62,'Restaurant Base (Hidden)'!$C$2:$C$1048576,0),MATCH(J$6,'Restaurant Base (Hidden)'!$A$1:$Z$1,0)),"") -> 4 | K62: =+IFERROR(INDEX('Restaurant Base (Hidden)'!$A$2:$Z$1048576,MATCH($C62,'Restaurant Base (Hidden)'!$C$2:$C$1048576,0),MATCH(K$6,'Restaurant Base (Hidden)'!$A$1:$Z$1,0)),"") -> 0,102 | L62: =+IFERROR(INDEX('Restaurant Base (Hidden)'!$A$2:$Z$1048576,MATCH($C62,'Restaurant Base (Hidden)'!$C$2:$C$1048576,0),MATCH(L$6,'Restaurant Base (Hidden)'!$A$1:$Z$1,0)),"") -> 3 | ... AG62: =+IFERROR(INDEX('Restaurant Base (Hidden)'!$A$2:$Z$1048576,MATCH($C62,'Restaurant Base (Hidden)'!$C$2:$C$1048576,0),MATCH(AG$6,'Restaurant Base (Hidden)'!$A$1:$Z$1,0)),"") -> 1
A63: =IF('Restaurant Base (Hidden)'!A278=0,"", 'Restaurant Base (Hidden)'!A278) -> Quinn Westbrook | B63: =IF('Restaurant Base (Hidden)'!B278=0,"", 'Restaurant Base (Hidden)'!B278) -> Havenbrook Restaurants | C63: =IF('Restaurant Base (Hidden)'!C278=0,"", 'Restaurant Base (Hidden)'!C278) -> Evergreen Ridge | D63: =+IFERROR(RANK(E63,$E$7:$E$3390,),"") -> 54 | E63: =+IFERROR(INDEX('Restaurant Base (Hidden)'!$A$2:$Z$1048576,MATCH($C63,'Restaurant Base (Hidden)'!$C$2:$C$1048576,0),MATCH(E$6,'Restaurant Base (Hidden)'!$A$1:$Z$1,0)),"") -> 3.52 | F63: =+IFERROR(INDEX('Restaurant Base (Hidden)'!$A$2:$Z$1048576,MATCH($C63,'Restaurant Base (Hidden)'!$C$2:$C$1048576,0),MATCH(F$6,'Restaurant Base (Hidden)'!$A$1:$Z$1,0)),"") | G63: =+IFERROR(INDEX('Restaurant Base (Hidden)'!$A$2:$Z$1048576,MATCH($C63,'Restaurant Base (Hidden)'!$C$2:$C$1048576,0),MATCH(G$6,'Restaurant Base (Hidden)'!$A$1:$Z$1,0)),"") -> 4,743 | H63: =+IFERROR(INDEX('Restaurant Base (Hidden)'!$A$2:$Z$1048576,MATCH($C63,'Restaurant Base (Hidden)'!$C$2:$C$1048576,0),MATCH(H$6,'Restaurant Base (Hidden)'!$A$1:$Z$1,0)),"") -> 5 | I63: =+IFERROR(INDEX('Restaurant Base (Hidden)'!$A$2:$Z$1048576,MATCH($C63,'Restaurant Base (Hidden)'!$C$2:$C$1048576,0),MATCH(I$6,'Restaurant Base (Hidden)'!$A$1:$Z$1,0)),"") -> 78,40 % | J63: =+IFERROR(INDEX('Restaurant Base (Hidden)'!$A$2:$Z$1048576,MATCH($C63,'Restaurant Base (Hidden)'!$C$2:$C$1048576,0),MATCH(J$6,'Restaurant Base (Hidden)'!$A$1:$Z$1,0)),"") -> 2 | K63: =+IFERROR(INDEX('Restaurant Base (Hidden)'!$A$2:$Z$1048576,MATCH($C63,'Restaurant Base (Hidden)'!$C$2:$C$1048576,0),MATCH(K$6,'Restaurant Base (Hidden)'!$A$1:$Z$1,0)),"") -> 0,057 | L63: =+IFERROR(INDEX('Restaurant Base (Hidden)'!$A$2:$Z$1048576,MATCH($C63,'Restaurant Base (Hidden)'!$C$2:$C$1048576,0),MATCH(L$6,'Restaurant Base (Hidden)'!$A$1:$Z$1,0)),"") -> 5 | ... AG63: =+IFERROR(INDEX('Restaurant Base (Hidden)'!$A$2:$Z$1048576,MATCH($C63,'Restaurant Base (Hidden)'!$C$2:$C$1048576,0),MATCH(AG$6,'Restaurant Base (Hidden)'!$A$1:$Z$1,0)),"") -> 3
A64: =IF('Restaurant Base (Hidden)'!A143=0,"", 'Restaurant Base (Hidden)'!A143) -> Marlowe Ellington | B64: =IF('Restaurant Base (Hidden)'!B143=0,"", 'Restaurant Base (Hidden)'!B143) -> Goldenridge Hospitality | C64: =IF('Restaurant Base (Hidden)'!C143=0,"", 'Restaurant Base (Hidden)'!C143) -> Meadow Grove | D64: =+IFERROR(RANK(E64,$E$7:$E$3390,),"") -> 58 | E64: =+IFERROR(INDEX('Restaurant Base (Hidden)'!$A$2:$Z$1048576,MATCH($C64,'Restaurant Base (Hidden)'!$C$2:$C$1048576,0),MATCH(E$6,'Restaurant Base (Hidden)'!$A$1:$Z$1,0)),"") -> 3.51 | F64: =+IFERROR(INDEX('Restaurant Base (Hidden)'!$A$2:$Z$1048576,MATCH($C64,'Restaurant Base (Hidden)'!$C$2:$C$1048576,0),MATCH(F$6,'Restaurant Base (Hidden)'!$A$1:$Z$1,0)),"") | G64: =+IFERROR(INDEX('Restaurant Base (Hidden)'!$A$2:$Z$1048576,MATCH($C64,'Restaurant Base (Hidden)'!$C$2:$C$1048576,0),MATCH(G$6,'Restaurant Base (Hidden)'!$A$1:$Z$1,0)),"") -> 4,352 | H64: =+IFERROR(INDEX('Restaurant Base (Hidden)'!$A$2:$Z$1048576,MATCH($C64,'Restaurant Base (Hidden)'!$C$2:$C$1048576,0),MATCH(H$6,'Restaurant Base (Hidden)'!$A$1:$Z$1,0)),"") -> 4 | I64: =+IFERROR(INDEX('Restaurant Base (Hidden)'!$A$2:$Z$1048576,MATCH($C64,'Restaurant Base (Hidden)'!$C$2:$C$1048576,0),MATCH(I$6,'Restaurant Base (Hidden)'!$A$1:$Z$1,0)),"") -> 95,80 % | J64: =+IFERROR(INDEX('Restaurant Base (Hidden)'!$A$2:$Z$1048576,MATCH($C64,'Restaurant Base (Hidden)'!$C$2:$C$1048576,0),MATCH(J$6,'Restaurant Base (Hidden)'!$A$1:$Z$1,0)),"") -> 5 | K64: =+IFERROR(INDEX('Restaurant Base (Hidden)'!$A$2:$Z$1048576,MATCH($C64,'Restaurant Base (Hidden)'!$C$2:$C$1048576,0),MATCH(K$6,'Restaurant Base (Hidden)'!$A$1:$Z$1,0)),"") -> 0,190 | L64: =+IFERROR(INDEX('Restaurant Base (Hidden)'!$A$2:$Z$1048576,MATCH($C64,'Restaurant Base (Hidden)'!$C$2:$C$1048576,0),MATCH(L$6,'Restaurant Base (Hidden)'!$A$1:$Z$1,0)),"") -> 1 | ... AG64: =+IFERROR(INDEX('Restaurant Base (Hidden)'!$A$2:$Z$1048576,MATCH($C64,'Restaurant Base (Hidden)'!$C$2:$C$1048576,0),MATCH(AG$6,'Restaurant Base (Hidden)'!$A$1:$Z$1,0)),"") -> 4
A65: =IF('Restaurant Base (Hidden)'!A280=0,"", 'Restaurant Base (Hidden)'!A280) -> Riley Wellington | B65: =IF('Restaurant Base (Hidden)'!B280=0,"", 'Restaurant Base (Hidden)'!B280) -> Elmwood Dining Group | C65: =IF('Restaurant Base (Hidden)'!C280=0,"", 'Restaurant Base (Hidden)'!C280) -> Bright Gardens | D65: =+IFERROR(RANK(E65,$E$7:$E$3390,),"") -> 58 | E65: =+IFERROR(INDEX('Restaurant Base (Hidden)'!$A$2:$Z$1048576,MATCH($C65,'Restaurant Base (Hidden)'!$C$2:$C$1048576,0),MATCH(E$6,'Restaurant Base (Hidden)'!$A$1:$Z$1,0)),"") -> 3.51 | F65: =+IFERROR(INDEX('Restaurant Base (Hidden)'!$A$2:$Z$1048576,MATCH($C65,'Restaurant Base (Hidden)'!$C$2:$C$1048576,0),MATCH(F$6,'Restaurant Base (Hidden)'!$A$1:$Z$1,0)),"") | G65: =+IFERROR(INDEX('Restaurant Base (Hidden)'!$A$2:$Z$1048576,MATCH($C65,'Restaurant Base (Hidden)'!$C$2:$C$1048576,0),MATCH(G$6,'Restaurant Base (Hidden)'!$A$1:$Z$1,0)),"") -> 4,215 | H65: =+IFERROR(INDEX('Restaurant Base (Hidden)'!$A$2:$Z$1048576,MATCH($C65,'Restaurant Base (Hidden)'!$C$2:$C$1048576,0),MATCH(H$6,'Restaurant Base (Hidden)'!$A$1:$Z$1,0)),"") -> 3 | I65: =+IFERROR(INDEX('Restaurant Base (Hidden)'!$A$2:$Z$1048576,MATCH($C65,'Restaurant Base (Hidden)'!$C$2:$C$1048576,0),MATCH(I$6,'Restaurant Base (Hidden)'!$A$1:$Z$1,0)),"") -> 92,50 % | J65: =+IFERROR(INDEX('Restaurant Base (Hidden)'!$A$2:$Z$1048576,MATCH($C65,'Restaurant Base (Hidden)'!$C$2:$C$1048576,0),MATCH(J$6,'Restaurant Base (Hidden)'!$A$1:$Z$1,0)),"") -> 4 | K65: =+IFERROR(INDEX('Restaurant Base (Hidden)'!$A$2:$Z$1048576,MATCH($C65,'Restaurant Base (Hidden)'!$C$2:$C$1048576,0),MATCH(K$6,'Restaurant Base (Hidden)'!$A$1:$Z$1,0)),"") -> 0,073 | L65: =+IFERROR(INDEX('Restaurant Base (Hidden)'!$A$2:$Z$1048576,MATCH($C65,'Restaurant Base (Hidden)'!$C$2:$C$1048576,0),MATCH(L$6,'Restaurant Base (Hidden)'!$A$1:$Z$1,0)),"") -> 4 | ... AG65: =+IFERROR(INDEX('Restaurant Base (Hidden)'!$A$2:$Z$1048576,MATCH($C65,'Restaurant Base (Hidden)'!$C$2:$C$1048576,0),MATCH(AG$6,'Restaurant Base (Hidden)'!$A$1:$Z$1,0)),"") -> 1
A66: =IF('Restaurant Base (Hidden)'!A301=0,"", 'Restaurant Base (Hidden)'!A301) -> Jamie Northcott | B66: =IF('Restaurant Base (Hidden)'!B301=0,"", 'Restaurant Base (Hidden)'!B301) -> Parkstone Restaurant Group | C66: =IF('Restaurant Base (Hidden)'!C301=0,"", 'Restaurant Base (Hidden)'!C301) -> Maple Gardens | D66: =+IFERROR(RANK(E66,$E$7:$E$3390,),"") -> 58 | E66: =+IFERROR(INDEX('Restaurant Base (Hidden)'!$A$2:$Z$1048576,MATCH($C66,'Restaurant Base (Hidden)'!$C$2:$C$1048576,0),MATCH(E$6,'Restaurant Base (Hidden)'!$A$1:$Z$1,0)),"") -> 3.51 | F66: =+IFERROR(INDEX('Restaurant Base (Hidden)'!$A$2:$Z$1048576,MATCH($C66,'Restaurant Base (Hidden)'!$C$2:$C$1048576,0),MATCH(F$6,'Restaurant Base (Hidden)'!$A$1:$Z$1,0)),"") | G66: =+IFERROR(INDEX('Restaurant Base (Hidden)'!$A$2:$Z$1048576,MATCH($C66,'Restaurant Base (Hidden)'!$C$2:$C$1048576,0),MATCH(G$6,'Restaurant Base (Hidden)'!$A$1:$Z$1,0)),"") -> 4,780 | H66: =+IFERROR(INDEX('Restaurant Base (Hidden)'!$A$2:$Z$1048576,MATCH($C66,'Restaurant Base (Hidden)'!$C$2:$C$1048576,0),MATCH(H$6,'Restaurant Base (Hidden)'!$A$1:$Z$1,0)),"") -> 5 | I66: =+IFERROR(INDEX('Restaurant Base (Hidden)'!$A$2:$Z$1048576,MATCH($C66,'Restaurant Base (Hidden)'!$C$2:$C$1048576,0),MATCH(I$6,'Restaurant Base (Hidden)'!$A$1:$Z$1,0)),"") -> 93,40 % | J66: =+IFERROR(INDEX('Restaurant Base (Hidden)'!$A$2:$Z$1048576,MATCH($C66,'Restaurant Base (Hidden)'!$C$2:$C$1048576,0),MATCH(J$6,'Restaurant Base (Hidden)'!$A$1:$Z$1,0)),"") -> 4 | K66: =+IFERROR(INDEX('Restaurant Base (Hidden)'!$A$2:$Z$1048576,MATCH($C66,'Restaurant Base (Hidden)'!$C$2:$C$1048576,0),MATCH(K$6,'Restaurant Base (Hidden)'!$A$1:$Z$1,0)),"") -> 0,154 | L66: =+IFERROR(INDEX('Restaurant Base (Hidden)'!$A$2:$Z$1048576,MATCH($C66,'Restaurant Base (Hidden)'!$C$2:$C$1048576,0),MATCH(L$6,'Restaurant Base (Hidden)'!$A$1:$Z$1,0)),"") -> 2 | ... AG66: =+IFERROR(INDEX('Restaurant Base (Hidden)'!$A$2:$Z$1048576,MATCH($C66,'Restaurant Base (Hidden)'!$C$2:$C$1048576,0),MATCH(AG$6,'Restaurant Base (Hidden)'!$A$1:$Z$1,0)),"") -> 2
A67: =IF('Restaurant Base (Hidden)'!A160=0,"", 'Restaurant Base (Hidden)'!A160) -> Morgan Rivington | B67: =IF('Restaurant Base (Hidden)'!B160=0,"", 'Restaurant Base (Hidden)'!B160) -> Elmwood Dining Group | C67: =IF('Restaurant Base (Hidden)'!C160=0,"", 'Restaurant Base (Hidden)'!C160) -> Silver Corner | D67: =+IFERROR(RANK(E67,$E$7:$E$3390,),"") -> 61 | E67: =+IFERROR(INDEX('Restaurant Base (Hidden)'!$A$2:$Z$1048576,MATCH($C67,'Restaurant Base (Hidden)'!$C$2:$C$1048576,0),MATCH(E$6,'Restaurant Base (Hidden)'!$A$1:$Z$1,0)),"") -> 3.5 | F67: =+IFERROR(INDEX('Restaurant Base (Hidden)'!$A$2:$Z$1048576,MATCH($C67,'Restaurant Base (Hidden)'!$C$2:$C$1048576,0),MATCH(F$6,'Restaurant Base (Hidden)'!$A$1:$Z$1,0)),"") | G67: =+IFERROR(INDEX('Restaurant Base (Hidden)'!$A$2:$Z$1048576,MATCH($C67,'Restaurant Base (Hidden)'!$C$2:$C$1048576,0),MATCH(G$6,'Restaurant Base (Hidden)'!$A$1:$Z$1,0)),"") -> 4,354 | H67: =+IFERROR(INDEX('Restaurant Base (Hidden)'!$A$2:$Z$1048576,MATCH($C67,'Restaurant Base (Hidden)'!$C$2:$C$1048576,0),MATCH(H$6,'Restaurant Base (Hidden)'!$A$1:$Z$1,0)),"") -> 4 | I67: =+IFERROR(INDEX('Restaurant Base (Hidden)'!$A$2:$Z$1048576,MATCH($C67,'Restaurant Base (Hidden)'!$C$2:$C$1048576,0),MATCH(I$6,'Restaurant Base (Hidden)'!$A$1:$Z$1,0)),"") -> 56,20 % | J67: =+IFERROR(INDEX('Restaurant Base (Hidden)'!$A$2:$Z$1048576,MATCH($C67,'Restaurant Base (Hidden)'!$C$2:$C$1048576,0),MATCH(J$6,'Restaurant Base (Hidden)'!$A$1:$Z$1,0)),"") -> 1 | K67: =+IFERROR(INDEX('Restaurant Base (Hidden)'!$A$2:$Z$1048576,MATCH($C67,'Restaurant Base (Hidden)'!$C$2:$C$1048576,0),MATCH(K$6,'Restaurant Base (Hidden)'!$A$1:$Z$1,0)),"") -> 0,070 | L67: =+IFERROR(INDEX('Restaurant Base (Hidden)'!$A$2:$Z$1048576,MATCH($C67,'Restaurant Base (Hidden)'!$C$2:$C$1048576,0),MATCH(L$6,'Restaurant Base (Hidden)'!$A$1:$Z$1,0)),"") -> 4 | ... AG67: =+IFERROR(INDEX('Restaurant Base (Hidden)'!$A$2:$Z$1048576,MATCH($C67,'Restaurant Base (Hidden)'!$C$2:$C$1048576,0),MATCH(AG$6,'Restaurant Base (Hidden)'!$A$1:$Z$1,0)),"") -> 1
A68: =IF('Restaurant Base (Hidden)'!A234=0,"", 'Restaurant Base (Hidden)'!A234) -> Avery Ashford | B68: =IF('Restaurant Base (Hidden)'!B234=0,"", 'Restaurant Base (Hidden)'!B234) -> Ridgeway Restaurants | C68: =IF('Restaurant Base (Hidden)'!C234=0,"", 'Restaurant Base (Hidden)'!C234) -> Briar Corner | D68: =+IFERROR(RANK(E68,$E$7:$E$3390,),"") -> 61 | E68: =+IFERROR(INDEX('Restaurant Base (Hidden)'!$A$2:$Z$1048576,MATCH($C68,'Restaurant Base (Hidden)'!$C$2:$C$1048576,0),MATCH(E$6,'Restaurant Base (Hidden)'!$A$1:$Z$1,0)),"") -> 3.5 | F68: =+IFERROR(INDEX('Restaurant Base (Hidden)'!$A$2:$Z$1048576,MATCH($C68,'Restaurant Base (Hidden)'!$C$2:$C$1048576,0),MATCH(F$6,'Restaurant Base (Hidden)'!$A$1:$Z$1,0)),"") | G68: =+IFERROR(INDEX('Restaurant Base (Hidden)'!$A$2:$Z$1048576,MATCH($C68,'Restaurant Base (Hidden)'!$C$2:$C$1048576,0),MATCH(G$6,'Restaurant Base (Hidden)'!$A$1:$Z$1,0)),"") -> 4,320 | H68: =+IFERROR(INDEX('Restaurant Base (Hidden)'!$A$2:$Z$1048576,MATCH($C68,'Restaurant Base (Hidden)'!$C$2:$C$1048576,0),MATCH(H$6,'Restaurant Base (Hidden)'!$A$1:$Z$1,0)),"") -> 3 | I68: =+IFERROR(INDEX('Restaurant Base (Hidden)'!$A$2:$Z$1048576,MATCH($C68,'Restaurant Base (Hidden)'!$C$2:$C$1048576,0),MATCH(I$6,'Restaurant Base (Hidden)'!$A$1:$Z$1,0)),"") -> 87,90 % | J68: =+IFERROR(INDEX('Restaurant Base (Hidden)'!$A$2:$Z$1048576,MATCH($C68,'Restaurant Base (Hidden)'!$C$2:$C$1048576,0),MATCH(J$6,'Restaurant Base (Hidden)'!$A$1:$Z$1,0)),"") -> 3 | K68: =+IFERROR(INDEX('Restaurant Base (Hidden)'!$A$2:$Z$1048576,MATCH($C68,'Restaurant Base (Hidden)'!$C$2:$C$1048576,0),MATCH(K$6,'Restaurant Base (Hidden)'!$A$1:$Z$1,0)),"") -> 0,041 | L68: =+IFERROR(INDEX('Restaurant Base (Hidden)'!$A$2:$Z$1048576,MATCH($C68,'Restaurant Base (Hidden)'!$C$2:$C$1048576,0),MATCH(L$6,'Restaurant Base (Hidden)'!$A$1:$Z$1,0)),"") -> 5 | ... AG68: =+IFERROR(INDEX('Restaurant Base (Hidden)'!$A$2:$Z$1048576,MATCH($C68,'Restaurant Base (Hidden)'!$C$2:$C$1048576,0),MATCH(AG$6,'Restaurant Base (Hidden)'!$A$1:$Z$1,0)),"") -> 3
A69: =IF('Restaurant Base (Hidden)'!A361=0,"", 'Restaurant Base (Hidden)'!A361) -> Kendall Prescott | B69: =IF('Restaurant Base (Hidden)'!B361=0,"", 'Restaurant Base (Hidden)'!B361) -> Sunridge Food Partners | C69: =IF('Restaurant Base (Hidden)'!C361=0,"", 'Restaurant Base (Hidden)'!C361) -> Westwood Heath | D69: =+IFERROR(RANK(E69,$E$7:$E$3390,),"") -> 61 | E69: =+IFERROR(INDEX('Restaurant Base (Hidden)'!$A$2:$Z$1048576,MATCH($C69,'Restaurant Base (Hidden)'!$C$2:$C$1048576,0),MATCH(E$6,'Restaurant Base (Hidden)'!$A$1:$Z$1,0)),"") -> 3.5 | F69: =+IFERROR(INDEX('Restaurant Base (Hidden)'!$A$2:$Z$1048576,MATCH($C69,'Restaurant Base (Hidden)'!$C$2:$C$1048576,0),MATCH(F$6,'Restaurant Base (Hidden)'!$A$1:$Z$1,0)),"") | G69: =+IFERROR(INDEX('Restaurant Base (Hidden)'!$A$2:$Z$1048576,MATCH($C69,'Restaurant Base (Hidden)'!$C$2:$C$1048576,0),MATCH(G$6,'Restaurant Base (Hidden)'!$A$1:$Z$1,0)),"") -> 4,132 | H69: =+IFERROR(INDEX('Restaurant Base (Hidden)'!$A$2:$Z$1048576,MATCH($C69,'Restaurant Base (Hidden)'!$C$2:$C$1048576,0),MATCH(H$6,'Restaurant Base (Hidden)'!$A$1:$Z$1,0)),"") -> 2 | I69: =+IFERROR(INDEX('Restaurant Base (Hidden)'!$A$2:$Z$1048576,MATCH($C69,'Restaurant Base (Hidden)'!$C$2:$C$1048576,0),MATCH(I$6,'Restaurant Base (Hidden)'!$A$1:$Z$1,0)),"") -> 83,60 % | J69: =+IFERROR(INDEX('Restaurant Base (Hidden)'!$A$2:$Z$1048576,MATCH($C69,'Restaurant Base (Hidden)'!$C$2:$C$1048576,0),MATCH(J$6,'Restaurant Base (Hidden)'!$A$1:$Z$1,0)),"") -> 3 | K69: =+IFERROR(INDEX('Restaurant Base (Hidden)'!$A$2:$Z$1048576,MATCH($C69,'Restaurant Base (Hidden)'!$C$2:$C$1048576,0),MATCH(K$6,'Restaurant Base (Hidden)'!$A$1:$Z$1,0)),"") -> 0,197 | L69: =+IFERROR(INDEX('Restaurant Base (Hidden)'!$A$2:$Z$1048576,MATCH($C69,'Restaurant Base (Hidden)'!$C$2:$C$1048576,0),MATCH(L$6,'Restaurant Base (Hidden)'!$A$1:$Z$1,0)),"") -> 1 | ... AG69: =+IFERROR(INDEX('Restaurant Base (Hidden)'!$A$2:$Z$1048576,MATCH($C69,'Restaurant Base (Hidden)'!$C$2:$C$1048576,0),MATCH(AG$6,'Restaurant Base (Hidden)'!$A$1:$Z$1,0)),"") -> 1
A70: =IF('Restaurant Base (Hidden)'!A195=0,"", 'Restaurant Base (Hidden)'!A195) -> Skyler Everhart | B70: =IF('Restaurant Base (Hidden)'!B195=0,"", 'Restaurant Base (Hidden)'!B195) -> Springwell Hospitality | C70: =IF('Restaurant Base (Hidden)'!C195=0,"", 'Restaurant Base (Hidden)'!C195) -> Elm Heights | D70: =+IFERROR(RANK(E70,$E$7:$E$3390,),"") -> 64 | E70: =+IFERROR(INDEX('Restaurant Base (Hidden)'!$A$2:$Z$1048576,MATCH($C70,'Restaurant Base (Hidden)'!$C$2:$C$1048576,0),MATCH(E$6,'Restaurant Base (Hidden)'!$A$1:$Z$1,0)),"") -> 3.48 | F70: =+IFERROR(INDEX('Restaurant Base (Hidden)'!$A$2:$Z$1048576,MATCH($C70,'Restaurant Base (Hidden)'!$C$2:$C$1048576,0),MATCH(F$6,'Restaurant Base (Hidden)'!$A$1:$Z$1,0)),"") | G70: =+IFERROR(INDEX('Restaurant Base (Hidden)'!$A$2:$Z$1048576,MATCH($C70,'Restaurant Base (Hidden)'!$C$2:$C$1048576,0),MATCH(G$6,'Restaurant Base (Hidden)'!$A$1:$Z$1,0)),"") -> 4,154 | H70: =+IFERROR(INDEX('Restaurant Base (Hidden)'!$A$2:$Z$1048576,MATCH($C70,'Restaurant Base (Hidden)'!$C$2:$C$1048576,0),MATCH(H$6,'Restaurant Base (Hidden)'!$A$1:$Z$1,0)),"") -> 2 | I70: =+IFERROR(INDEX('Restaurant Base (Hidden)'!$A$2:$Z$1048576,MATCH($C70,'Restaurant Base (Hidden)'!$C$2:$C$1048576,0),MATCH(I$6,'Restaurant Base (Hidden)'!$A$1:$Z$1,0)),"") -> 69,10 % | J70: =+IFERROR(INDEX('Restaurant Base (Hidden)'!$A$2:$Z$1048576,MATCH($C70,'Restaurant Base (Hidden)'!$C$2:$C$1048576,0),MATCH(J$6,'Restaurant Base (Hidden)'!$A$1:$Z$1,0)),"") -> 1 | K70: =+IFERROR(INDEX('Restaurant Base (Hidden)'!$A$2:$Z$1048576,MATCH($C70,'Restaurant Base (Hidden)'!$C$2:$C$1048576,0),MATCH(K$6,'Restaurant Base (Hidden)'!$A$1:$Z$1,0)),"") -> 0,086 | L70: =+IFERROR(INDEX('Restaurant Base (Hidden)'!$A$2:$Z$1048576,MATCH($C70,'Restaurant Base (Hidden)'!$C$2:$C$1048576,0),MATCH(L$6,'Restaurant Base (Hidden)'!$A$1:$Z$1,0)),"") -> 4 | ... AG70: =+IFERROR(INDEX('Restaurant Base (Hidden)'!$A$2:$Z$1048576,MATCH($C70,'Restaurant Base (Hidden)'!$C$2:$C$1048576,0),MATCH(AG$6,'Restaurant Base (Hidden)'!$A$1:$Z$1,0)),"") -> 2
A71: =IF('Restaurant Base (Hidden)'!A202=0,"", 'Restaurant Base (Hidden)'!A202) -> Sage Rosemont | B71: =IF('Restaurant Base (Hidden)'!B202=0,"", 'Restaurant Base (Hidden)'!B202) -> Northstar Dining Group | C71: =IF('Restaurant Base (Hidden)'!C202=0,"", 'Restaurant Base (Hidden)'!C202) -> Starling View | D71: =+IFERROR(RANK(E71,$E$7:$E$3390,),"") -> 65 | E71: =+IFERROR(INDEX('Restaurant Base (Hidden)'!$A$2:$Z$1048576,MATCH($C71,'Restaurant Base (Hidden)'!$C$2:$C$1048576,0),MATCH(E$6,'Restaurant Base (Hidden)'!$A$1:$Z$1,0)),"") -> 3.47 | F71: =+IFERROR(INDEX('Restaurant Base (Hidden)'!$A$2:$Z$1048576,MATCH($C71,'Restaurant Base (Hidden)'!$C$2:$C$1048576,0),MATCH(F$6,'Restaurant Base (Hidden)'!$A$1:$Z$1,0)),"") | G71: =+IFERROR(INDEX('Restaurant Base (Hidden)'!$A$2:$Z$1048576,MATCH($C71,'Restaurant Base (Hidden)'!$C$2:$C$1048576,0),MATCH(G$6,'Restaurant Base (Hidden)'!$A$1:$Z$1,0)),"") -> 4,781 | H71: =+IFERROR(INDEX('Restaurant Base (Hidden)'!$A$2:$Z$1048576,MATCH($C71,'Restaurant Base (Hidden)'!$C$2:$C$1048576,0),MATCH(H$6,'Restaurant Base (Hidden)'!$A$1:$Z$1,0)),"") -> 5 | I71: =+IFERROR(INDEX('Restaurant Base (Hidden)'!$A$2:$Z$1048576,MATCH($C71,'Restaurant Base (Hidden)'!$C$2:$C$1048576,0),MATCH(I$6,'Restaurant Base (Hidden)'!$A$1:$Z$1,0)),"") -> 61,90 % | J71: =+IFERROR(INDEX('Restaurant Base (Hidden)'!$A$2:$Z$1048576,MATCH($C71,'Restaurant Base (Hidden)'!$C$2:$C$1048576,0),MATCH(J$6,'Restaurant Base (Hidden)'!$A$1:$Z$1,0)),"") -> 1 | K71: =+IFERROR(INDEX('Restaurant Base (Hidden)'!$A$2:$Z$1048576,MATCH($C71,'Restaurant Base (Hidden)'!$C$2:$C$1048576,0),MATCH(K$6,'Restaurant Base (Hidden)'!$A$1:$Z$1,0)),"") -> 0,082 | L71: =+IFERROR(INDEX('Restaurant Base (Hidden)'!$A$2:$Z$1048576,MATCH($C71,'Restaurant Base (Hidden)'!$C$2:$C$1048576,0),MATCH(L$6,'Restaurant Base (Hidden)'!$A$1:$Z$1,0)),"") -> 4 | ... AG71: =+IFERROR(INDEX('Restaurant Base (Hidden)'!$A$2:$Z$1048576,MATCH($C71,'Restaurant Base (Hidden)'!$C$2:$C$1048576,0),MATCH(AG$6,'Restaurant Base (Hidden)'!$A$1:$Z$1,0)),"") -> 4
A72: =IF('Restaurant Base (Hidden)'!A225=0,"", 'Restaurant Base (Hidden)'!A225) -> Taylor Hartwell | B72: =IF('Restaurant Base (Hidden)'!B225=0,"", 'Restaurant Base (Hidden)'!B225) -> Lakeshore Food Partners | C72: =IF('Restaurant Base (Hidden)'!C225=0,"", 'Restaurant Base (Hidden)'!C225) -> Copper Station | D72: =+IFERROR(RANK(E72,$E$7:$E$3390,),"") -> 65 | E72: =+IFERROR(INDEX('Restaurant Base (Hidden)'!$A$2:$Z$1048576,MATCH($C72,'Restaurant Base (Hidden)'!$C$2:$C$1048576,0),MATCH(E$6,'Restaurant Base (Hidden)'!$A$1:$Z$1,0)),"") -> 3.47 | F72: =+IFERROR(INDEX('Restaurant Base (Hidden)'!$A$2:$Z$1048576,MATCH($C72,'Restaurant Base (Hidden)'!$C$2:$C$1048576,0),MATCH(F$6,'Restaurant Base (Hidden)'!$A$1:$Z$1,0)),"") | G72: =+IFERROR(INDEX('Restaurant Base (Hidden)'!$A$2:$Z$1048576,MATCH($C72,'Restaurant Base (Hidden)'!$C$2:$C$1048576,0),MATCH(G$6,'Restaurant Base (Hidden)'!$A$1:$Z$1,0)),"") -> 4,251 | H72: =+IFERROR(INDEX('Restaurant Base (Hidden)'!$A$2:$Z$1048576,MATCH($C72,'Restaurant Base (Hidden)'!$C$2:$C$1048576,0),MATCH(H$6,'Restaurant Base (Hidden)'!$A$1:$Z$1,0)),"") -> 3 | I72: =+IFERROR(INDEX('Restaurant Base (Hidden)'!$A$2:$Z$1048576,MATCH($C72,'Restaurant Base (Hidden)'!$C$2:$C$1048576,0),MATCH(I$6,'Restaurant Base (Hidden)'!$A$1:$Z$1,0)),"") -> 89,30 % | J72: =+IFERROR(INDEX('Restaurant Base (Hidden)'!$A$2:$Z$1048576,MATCH($C72,'Restaurant Base (Hidden)'!$C$2:$C$1048576,0),MATCH(J$6,'Restaurant Base (Hidden)'!$A$1:$Z$1,0)),"") -> 4 | K72: =+IFERROR(INDEX('Restaurant Base (Hidden)'!$A$2:$Z$1048576,MATCH($C72,'Restaurant Base (Hidden)'!$C$2:$C$1048576,0),MATCH(K$6,'Restaurant Base (Hidden)'!$A$1:$Z$1,0)),"") -> 0,176 | L72: =+IFERROR(INDEX('Restaurant Base (Hidden)'!$A$2:$Z$1048576,MATCH($C72,'Restaurant Base (Hidden)'!$C$2:$C$1048576,0),MATCH(L$6,'Restaurant Base (Hidden)'!$A$1:$Z$1,0)),"") -> 2 | ... AG72: =+IFERROR(INDEX('Restaurant Base (Hidden)'!$A$2:$Z$1048576,MATCH($C72,'Restaurant Base (Hidden)'!$C$2:$C$1048576,0),MATCH(AG$6,'Restaurant Base (Hidden)'!$A$1:$Z$1,0)),"") -> 3
A73: =IF('Restaurant Base (Hidden)'!A21=0,"", 'Restaurant Base (Hidden)'!A21) -> Skyler Everhart | B73: =IF('Restaurant Base (Hidden)'!B21=0,"", 'Restaurant Base (Hidden)'!B21) -> Parkstone Restaurant Group | C73: =IF('Restaurant Base (Hidden)'!C21=0,"", 'Restaurant Base (Hidden)'!C21) -> Starling Junction | D73: =+IFERROR(RANK(E73,$E$7:$E$3390,),"") -> 67 | E73: =+IFERROR(INDEX('Restaurant Base (Hidden)'!$A$2:$Z$1048576,MATCH($C73,'Restaurant Base (Hidden)'!$C$2:$C$1048576,0),MATCH(E$6,'Restaurant Base (Hidden)'!$A$1:$Z$1,0)),"") -> 3.46 | F73: =+IFERROR(INDEX('Restaurant Base (Hidden)'!$A$2:$Z$1048576,MATCH($C73,'Restaurant Base (Hidden)'!$C$2:$C$1048576,0),MATCH(F$6,'Restaurant Base (Hidden)'!$A$1:$Z$1,0)),"") | G73: =+IFERROR(INDEX('Restaurant Base (Hidden)'!$A$2:$Z$1048576,MATCH($C73,'Restaurant Base (Hidden)'!$C$2:$C$1048576,0),MATCH(G$6,'Restaurant Base (Hidden)'!$A$1:$Z$1,0)),"") -> 4,376 | H73: =+IFERROR(INDEX('Restaurant Base (Hidden)'!$A$2:$Z$1048576,MATCH($C73,'Restaurant Base (Hidden)'!$C$2:$C$1048576,0),MATCH(H$6,'Restaurant Base (Hidden)'!$A$1:$Z$1,0)),"") -> 4 | I73: =+IFERROR(INDEX('Restaurant Base (Hidden)'!$A$2:$Z$1048576,MATCH($C73,'Restaurant Base (Hidden)'!$C$2:$C$1048576,0),MATCH(I$6,'Restaurant Base (Hidden)'!$A$1:$Z$1,0)),"") -> 70,40 % | J73: =+IFERROR(INDEX('Restaurant Base (Hidden)'!$A$2:$Z$1048576,MATCH($C73,'Restaurant Base (Hidden)'!$C$2:$C$1048576,0),MATCH(J$6,'Restaurant Base (Hidden)'!$A$1:$Z$1,0)),"") -> 1 | K73: =+IFERROR(INDEX('Restaurant Base (Hidden)'!$A$2:$Z$1048576,MATCH($C73,'Restaurant Base (Hidden)'!$C$2:$C$1048576,0),MATCH(K$6,'Restaurant Base (Hidden)'!$A$1:$Z$1,0)),"") -> 0,108 | L73: =+IFERROR(INDEX('Restaurant Base (Hidden)'!$A$2:$Z$1048576,MATCH($C73,'Restaurant Base (Hidden)'!$C$2:$C$1048576,0),MATCH(L$6,'Restaurant Base (Hidden)'!$A$1:$Z$1,0)),"") -> 3 | ... AG73: =+IFERROR(INDEX('Restaurant Base (Hidden)'!$A$2:$Z$1048576,MATCH($C73,'Restaurant Base (Hidden)'!$C$2:$C$1048576,0),MATCH(AG$6,'Restaurant Base (Hidden)'!$A$1:$Z$1,0)),"") -> 3
A74: =IF('Restaurant Base (Hidden)'!A46=0,"", 'Restaurant Base (Hidden)'!A46) -> Quinn Westbrook | B74: =IF('Restaurant Base (Hidden)'!B46=0,"", 'Restaurant Base (Hidden)'!B46) -> Westhaven Foods | C74: =IF('Restaurant Base (Hidden)'!C46=0,"", 'Restaurant Base (Hidden)'!C46) -> Northern Creek | D74: =+IFERROR(RANK(E74,$E$7:$E$3390,),"") -> 67 | E74: =+IFERROR(INDEX('Restaurant Base (Hidden)'!$A$2:$Z$1048576,MATCH($C74,'Restaurant Base (Hidden)'!$C$2:$C$1048576,0),MATCH(E$6,'Restaurant Base (Hidden)'!$A$1:$Z$1,0)),"") -> 3.46 | F74: =+IFERROR(INDEX('Restaurant Base (Hidden)'!$A$2:$Z$1048576,MATCH($C74,'Restaurant Base (Hidden)'!$C$2:$C$1048576,0),MATCH(F$6,'Restaurant Base (Hidden)'!$A$1:$Z$1,0)),"") | G74: =+IFERROR(INDEX('Restaurant Base (Hidden)'!$A$2:$Z$1048576,MATCH($C74,'Restaurant Base (Hidden)'!$C$2:$C$1048576,0),MATCH(G$6,'Restaurant Base (Hidden)'!$A$1:$Z$1,0)),"") -> 4,737 | H74: =+IFERROR(INDEX('Restaurant Base (Hidden)'!$A$2:$Z$1048576,MATCH($C74,'Restaurant Base (Hidden)'!$C$2:$C$1048576,0),MATCH(H$6,'Restaurant Base (Hidden)'!$A$1:$Z$1,0)),"") -> 5 | I74: =+IFERROR(INDEX('Restaurant Base (Hidden)'!$A$2:$Z$1048576,MATCH($C74,'Restaurant Base (Hidden)'!$C$2:$C$1048576,0),MATCH(I$6,'Restaurant Base (Hidden)'!$A$1:$Z$1,0)),"") -> 65,60 % | J74: =+IFERROR(INDEX('Restaurant Base (Hidden)'!$A$2:$Z$1048576,MATCH($C74,'Restaurant Base (Hidden)'!$C$2:$C$1048576,0),MATCH(J$6,'Restaurant Base (Hidden)'!$A$1:$Z$1,0)),"") -> 1 | K74: =+IFERROR(INDEX('Restaurant Base (Hidden)'!$A$2:$Z$1048576,MATCH($C74,'Restaurant Base (Hidden)'!$C$2:$C$1048576,0),MATCH(K$6,'Restaurant Base (Hidden)'!$A$1:$Z$1,0)),"") -> 0,126 | L74: =+IFERROR(INDEX('Restaurant Base (Hidden)'!$A$2:$Z$1048576,MATCH($C74,'Restaurant Base (Hidden)'!$C$2:$C$1048576,0),MATCH(L$6,'Restaurant Base (Hidden)'!$A$1:$Z$1,0)),"") -> 3 | ... AG74: =+IFERROR(INDEX('Restaurant Base (Hidden)'!$A$2:$Z$1048576,MATCH($C74,'Restaurant Base (Hidden)'!$C$2:$C$1048576,0),MATCH(AG$6,'Restaurant Base (Hidden)'!$A$1:$Z$1,0)),"") -> 3
A75: =IF('Restaurant Base (Hidden)'!A170=0,"", 'Restaurant Base (Hidden)'!A170) -> Bailey Silverton | B75: =IF('Restaurant Base (Hidden)'!B170=0,"", 'Restaurant Base (Hidden)'!B170) -> Evercrest Restaurants | C75: =IF('Restaurant Base (Hidden)'!C170=0,"", 'Restaurant Base (Hidden)'!C170) -> Lunar Meadows | D75: =+IFERROR(RANK(E75,$E$7:$E$3390,),"") -> 67 | E75: =+IFERROR(INDEX('Restaurant Base (Hidden)'!$A$2:$Z$1048576,MATCH($C75,'Restaurant Base (Hidden)'!$C$2:$C$1048576,0),MATCH(E$6,'Restaurant Base (Hidden)'!$A$1:$Z$1,0)),"") -> 3.46 | F75: =+IFERROR(INDEX('Restaurant Base (Hidden)'!$A$2:$Z$1048576,MATCH($C75,'Restaurant Base (Hidden)'!$C$2:$C$1048576,0),MATCH(F$6,'Restaurant Base (Hidden)'!$A$1:$Z$1,0)),"") | G75: =+IFERROR(INDEX('Restaurant Base (Hidden)'!$A$2:$Z$1048576,MATCH($C75,'Restaurant Base (Hidden)'!$C$2:$C$1048576,0),MATCH(G$6,'Restaurant Base (Hidden)'!$A$1:$Z$1,0)),"") -> 4,751 | H75: =+IFERROR(INDEX('Restaurant Base (Hidden)'!$A$2:$Z$1048576,MATCH($C75,'Restaurant Base (Hidden)'!$C$2:$C$1048576,0),MATCH(H$6,'Restaurant Base (Hidden)'!$A$1:$Z$1,0)),"") -> 5 | I75: =+IFERROR(INDEX('Restaurant Base (Hidden)'!$A$2:$Z$1048576,MATCH($C75,'Restaurant Base (Hidden)'!$C$2:$C$1048576,0),MATCH(I$6,'Restaurant Base (Hidden)'!$A$1:$Z$1,0)),"") -> 71,00 % | J75: =+IFERROR(INDEX('Restaurant Base (Hidden)'!$A$2:$Z$1048576,MATCH($C75,'Restaurant Base (Hidden)'!$C$2:$C$1048576,0),MATCH(J$6,'Restaurant Base (Hidden)'!$A$1:$Z$1,0)),"") -> 1 | K75: =+IFERROR(INDEX('Restaurant Base (Hidden)'!$A$2:$Z$1048576,MATCH($C75,'Restaurant Base (Hidden)'!$C$2:$C$1048576,0),MATCH(K$6,'Restaurant Base (Hidden)'!$A$1:$Z$1,0)),"") -> 0,128 | L75: =+IFERROR(INDEX('Restaurant Base (Hidden)'!$A$2:$Z$1048576,MATCH($C75,'Restaurant Base (Hidden)'!$C$2:$C$1048576,0),MATCH(L$6,'Restaurant Base (Hidden)'!$A$1:$Z$1,0)),"") -> 3 | ... AG75: =+IFERROR(INDEX('Restaurant Base (Hidden)'!$A$2:$Z$1048576,MATCH($C75,'Restaurant Base (Hidden)'!$C$2:$C$1048576,0),MATCH(AG$6,'Restaurant Base (Hidden)'!$A$1:$Z$1,0)),"") -> 3
A76: =IF('Restaurant Base (Hidden)'!A222=0,"", 'Restaurant Base (Hidden)'!A222) -> Riley Wellington | B76: =IF('Restaurant Base (Hidden)'!B222=0,"", 'Restaurant Base (Hidden)'!B222) -> Eastmere Foods | C76: =IF('Restaurant Base (Hidden)'!C222=0,"", 'Restaurant Base (Hidden)'!C222) -> Haven Boulevard | D76: =+IFERROR(RANK(E76,$E$7:$E$3390,),"") -> 67 | E76: =+IFERROR(INDEX('Restaurant Base (Hidden)'!$A$2:$Z$1048576,MATCH($C76,'Restaurant Base (Hidden)'!$C$2:$C$1048576,0),MATCH(E$6,'Restaurant Base (Hidden)'!$A$1:$Z$1,0)),"") -> 3.46 | F76: =+IFERROR(INDEX('Restaurant Base (Hidden)'!$A$2:$Z$1048576,MATCH($C76,'Restaurant Base (Hidden)'!$C$2:$C$1048576,0),MATCH(F$6,'Restaurant Base (Hidden)'!$A$1:$Z$1,0)),"") | G76: =+IFERROR(INDEX('Restaurant Base (Hidden)'!$A$2:$Z$1048576,MATCH($C76,'Restaurant Base (Hidden)'!$C$2:$C$1048576,0),MATCH(G$6,'Restaurant Base (Hidden)'!$A$1:$Z$1,0)),"") -> 4,585 | H76: =+IFERROR(INDEX('Restaurant Base (Hidden)'!$A$2:$Z$1048576,MATCH($C76,'Restaurant Base (Hidden)'!$C$2:$C$1048576,0),MATCH(H$6,'Restaurant Base (Hidden)'!$A$1:$Z$1,0)),"") -> 5 | I76: =+IFERROR(INDEX('Restaurant Base (Hidden)'!$A$2:$Z$1048576,MATCH($C76,'Restaurant Base (Hidden)'!$C$2:$C$1048576,0),MATCH(I$6,'Restaurant Base (Hidden)'!$A$1:$Z$1,0)),"") -> 90,90 % | J76: =+IFERROR(INDEX('Restaurant Base (Hidden)'!$A$2:$Z$1048576,MATCH($C76,'Restaurant Base (Hidden)'!$C$2:$C$1048576,0),MATCH(J$6,'Restaurant Base (Hidden)'!$A$1:$Z$1,0)),"") -> 4 | K76: =+IFERROR(INDEX('Restaurant Base (Hidden)'!$A$2:$Z$1048576,MATCH($C76,'Restaurant Base (Hidden)'!$C$2:$C$1048576,0),MATCH(K$6,'Restaurant Base (Hidden)'!$A$1:$Z$1,0)),"") -> 0,213 | L76: =+IFERROR(INDEX('Restaurant Base (Hidden)'!$A$2:$Z$1048576,MATCH($C76,'Restaurant Base (Hidden)'!$C$2:$C$1048576,0),MATCH(L$6,'Restaurant Base (Hidden)'!$A$1:$Z$1,0)),"") -> 1 | ... AG76: =+IFERROR(INDEX('Restaurant Base (Hidden)'!$A$2:$Z$1048576,MATCH($C76,'Restaurant Base (Hidden)'!$C$2:$C$1048576,0),MATCH(AG$6,'Restaurant Base (Hidden)'!$A$1:$Z$1,0)),"") -> 1
A77: =IF('Restaurant Base (Hidden)'!A227=0,"", 'Restaurant Base (Hidden)'!A227) -> Emerson Greenleigh | B77: =IF('Restaurant Base (Hidden)'!B227=0,"", 'Restaurant Base (Hidden)'!B227) -> Meadowgate Hospitality | C77: =IF('Restaurant Base (Hidden)'!C227=0,"", 'Restaurant Base (Hidden)'!C227) -> Liberty Quay | D77: =+IFERROR(RANK(E77,$E$7:$E$3390,),"") -> 67 | E77: =+IFERROR(INDEX('Restaurant Base (Hidden)'!$A$2:$Z$1048576,MATCH($C77,'Restaurant Base (Hidden)'!$C$2:$C$1048576,0),MATCH(E$6,'Restaurant Base (Hidden)'!$A$1:$Z$1,0)),"") -> 3.46 | F77: =+IFERROR(INDEX('Restaurant Base (Hidden)'!$A$2:$Z$1048576,MATCH($C77,'Restaurant Base (Hidden)'!$C$2:$C$1048576,0),MATCH(F$6,'Restaurant Base (Hidden)'!$A$1:$Z$1,0)),"") | G77: =+IFERROR(INDEX('Restaurant Base (Hidden)'!$A$2:$Z$1048576,MATCH($C77,'Restaurant Base (Hidden)'!$C$2:$C$1048576,0),MATCH(G$6,'Restaurant Base (Hidden)'!$A$1:$Z$1,0)),"") -> 4,643 | H77: =+IFERROR(INDEX('Restaurant Base (Hidden)'!$A$2:$Z$1048576,MATCH($C77,'Restaurant Base (Hidden)'!$C$2:$C$1048576,0),MATCH(H$6,'Restaurant Base (Hidden)'!$A$1:$Z$1,0)),"") -> 5 | I77: =+IFERROR(INDEX('Restaurant Base (Hidden)'!$A$2:$Z$1048576,MATCH($C77,'Restaurant Base (Hidden)'!$C$2:$C$1048576,0),MATCH(I$6,'Restaurant Base (Hidden)'!$A$1:$Z$1,0)),"") -> 93,90 % | J77: =+IFERROR(INDEX('Restaurant Base (Hidden)'!$A$2:$Z$1048576,MATCH($C77,'Restaurant Base (Hidden)'!$C$2:$C$1048576,0),MATCH(J$6,'Restaurant Base (Hidden)'!$A$1:$Z$1,0)),"") -> 4 | K77: =+IFERROR(INDEX('Restaurant Base (Hidden)'!$A$2:$Z$1048576,MATCH($C77,'Restaurant Base (Hidden)'!$C$2:$C$1048576,0),MATCH(K$6,'Restaurant Base (Hidden)'!$A$1:$Z$1,0)),"") -> 0,107 | L77: =+IFERROR(INDEX('Restaurant Base (Hidden)'!$A$2:$Z$1048576,MATCH($C77,'Restaurant Base (Hidden)'!$C$2:$C$1048576,0),MATCH(L$6,'Restaurant Base (Hidden)'!$A$1:$Z$1,0)),"") -> 3 | ... AG77: =+IFERROR(INDEX('Restaurant Base (Hidden)'!$A$2:$Z$1048576,MATCH($C77,'Restaurant Base (Hidden)'!$C$2:$C$1048576,0),MATCH(AG$6,'Restaurant Base (Hidden)'!$A$1:$Z$1,0)),"") -> 2
A78: =IF('Restaurant Base (Hidden)'!A259=0,"", 'Restaurant Base (Hidden)'!A259) -> Marlowe Ellington | B78: =IF('Restaurant Base (Hidden)'!B259=0,"", 'Restaurant Base (Hidden)'!B259) -> Fairmont Food Group | C78: =IF('Restaurant Base (Hidden)'!C259=0,"", 'Restaurant Base (Hidden)'!C259) -> Lunar Village | D78: =+IFERROR(RANK(E78,$E$7:$E$3390,),"") -> 67 | E78: =+IFERROR(INDEX('Restaurant Base (Hidden)'!$A$2:$Z$1048576,MATCH($C78,'Restaurant Base (Hidden)'!$C$2:$C$1048576,0),MATCH(E$6,'Restaurant Base (Hidden)'!$A$1:$Z$1,0)),"") -> 3.46 | F78: =+IFERROR(INDEX('Restaurant Base (Hidden)'!$A$2:$Z$1048576,MATCH($C78,'Restaurant Base (Hidden)'!$C$2:$C$1048576,0),MATCH(F$6,'Restaurant Base (Hidden)'!$A$1:$Z$1,0)),"") | G78: =+IFERROR(INDEX('Restaurant Base (Hidden)'!$A$2:$Z$1048576,MATCH($C78,'Restaurant Base (Hidden)'!$C$2:$C$1048576,0),MATCH(G$6,'Restaurant Base (Hidden)'!$A$1:$Z$1,0)),"") -> 4,805 | H78: =+IFERROR(INDEX('Restaurant Base (Hidden)'!$A$2:$Z$1048576,MATCH($C78,'Restaurant Base (Hidden)'!$C$2:$C$1048576,0),MATCH(H$6,'Restaurant Base (Hidden)'!$A$1:$Z$1,0)),"") -> 5 | I78: =+IFERROR(INDEX('Restaurant Base (Hidden)'!$A$2:$Z$1048576,MATCH($C78,'Restaurant Base (Hidden)'!$C$2:$C$1048576,0),MATCH(I$6,'Restaurant Base (Hidden)'!$A$1:$Z$1,0)),"") -> 56,90 % | J78: =+IFERROR(INDEX('Restaurant Base (Hidden)'!$A$2:$Z$1048576,MATCH($C78,'Restaurant Base (Hidden)'!$C$2:$C$1048576,0),MATCH(J$6,'Restaurant Base (Hidden)'!$A$1:$Z$1,0)),"") -> 1 | K78: =+IFERROR(INDEX('Restaurant Base (Hidden)'!$A$2:$Z$1048576,MATCH($C78,'Restaurant Base (Hidden)'!$C$2:$C$1048576,0),MATCH(K$6,'Restaurant Base (Hidden)'!$A$1:$Z$1,0)),"") -> 0,101 | L78: =+IFERROR(INDEX('Restaurant Base (Hidden)'!$A$2:$Z$1048576,MATCH($C78,'Restaurant Base (Hidden)'!$C$2:$C$1048576,0),MATCH(L$6,'Restaurant Base (Hidden)'!$A$1:$Z$1,0)),"") -> 3 | ... AG78: =+IFERROR(INDEX('Restaurant Base (Hidden)'!$A$2:$Z$1048576,MATCH($C78,'Restaurant Base (Hidden)'!$C$2:$C$1048576,0),MATCH(AG$6,'Restaurant Base (Hidden)'!$A$1:$Z$1,0)),"") -> 1
A79: =IF('Restaurant Base (Hidden)'!A132=0,"", 'Restaurant Base (Hidden)'!A132) -> Parker Sterling | B79: =IF('Restaurant Base (Hidden)'!B132=0,"", 'Restaurant Base (Hidden)'!B132) -> Kingswell Food Partners | C79: =IF('Restaurant Base (Hidden)'!C132=0,"", 'Restaurant Base (Hidden)'!C132) -> Parkside Heights | D79: =+IFERROR(RANK(E79,$E$7:$E$3390,),"") -> 73 | E79: =+IFERROR(INDEX('Restaurant Base (Hidden)'!$A$2:$Z$1048576,MATCH($C79,'Restaurant Base (Hidden)'!$C$2:$C$1048576,0),MATCH(E$6,'Restaurant Base (Hidden)'!$A$1:$Z$1,0)),"") -> 3.45 | F79: =+IFERROR(INDEX('Restaurant Base (Hidden)'!$A$2:$Z$1048576,MATCH($C79,'Restaurant Base (Hidden)'!$C$2:$C$1048576,0),MATCH(F$6,'Restaurant Base (Hidden)'!$A$1:$Z$1,0)),"") | G79: =+IFERROR(INDEX('Restaurant Base (Hidden)'!$A$2:$Z$1048576,MATCH($C79,'Restaurant Base (Hidden)'!$C$2:$C$1048576,0),MATCH(G$6,'Restaurant Base (Hidden)'!$A$1:$Z$1,0)),"") -> 4,771 | H79: =+IFERROR(INDEX('Restaurant Base (Hidden)'!$A$2:$Z$1048576,MATCH($C79,'Restaurant Base (Hidden)'!$C$2:$C$1048576,0),MATCH(H$6,'Restaurant Base (Hidden)'!$A$1:$Z$1,0)),"") -> 5 | I79: =+IFERROR(INDEX('Restaurant Base (Hidden)'!$A$2:$Z$1048576,MATCH($C79,'Restaurant Base (Hidden)'!$C$2:$C$1048576,0),MATCH(I$6,'Restaurant Base (Hidden)'!$A$1:$Z$1,0)),"") -> 57,30 % | J79: =+IFERROR(INDEX('Restaurant Base (Hidden)'!$A$2:$Z$1048576,MATCH($C79,'Restaurant Base (Hidden)'!$C$2:$C$1048576,0),MATCH(J$6,'Restaurant Base (Hidden)'!$A$1:$Z$1,0)),"") -> 1 | K79: =+IFERROR(INDEX('Restaurant Base (Hidden)'!$A$2:$Z$1048576,MATCH($C79,'Restaurant Base (Hidden)'!$C$2:$C$1048576,0),MATCH(K$6,'Restaurant Base (Hidden)'!$A$1:$Z$1,0)),"") -> 0,196 | L79: =+IFERROR(INDEX('Restaurant Base (Hidden)'!$A$2:$Z$1048576,MATCH($C79,'Restaurant Base (Hidden)'!$C$2:$C$1048576,0),MATCH(L$6,'Restaurant Base (Hidden)'!$A$1:$Z$1,0)),"") -> 1 | ... AG79: =+IFERROR(INDEX('Restaurant Base (Hidden)'!$A$2:$Z$1048576,MATCH($C79,'Restaurant Base (Hidden)'!$C$2:$C$1048576,0),MATCH(AG$6,'Restaurant Base (Hidden)'!$A$1:$Z$1,0)),"") -> 4
A80: =IF('Restaurant Base (Hidden)'!A282=0,"", 'Restaurant Base (Hidden)'!A282) -> Skyler Everhart | B80: =IF('Restaurant Base (Hidden)'!B282=0,"", 'Restaurant Base (Hidden)'!B282) -> Northstar Dining Group | C80: =IF('Restaurant Base (Hidden)'!C282=0,"", 'Restaurant Base (Hidden)'!C282) -> Stone Point | D80: =+IFERROR(RANK(E80,$E$7:$E$3390,),"") -> 73 | E80: =+IFERROR(INDEX('Restaurant Base (Hidden)'!$A$2:$Z$1048576,MATCH($C80,'Restaurant Base (Hidden)'!$C$2:$C$1048576,0),MATCH(E$6,'Restaurant Base (Hidden)'!$A$1:$Z$1,0)),"") -> 3.45 | F80: =+IFERROR(INDEX('Restaurant Base (Hidden)'!$A$2:$Z$1048576,MATCH($C80,'Restaurant Base (Hidden)'!$C$2:$C$1048576,0),MATCH(F$6,'Restaurant Base (Hidden)'!$A$1:$Z$1,0)),"") | G80: =+IFERROR(INDEX('Restaurant Base (Hidden)'!$A$2:$Z$1048576,MATCH($C80,'Restaurant Base (Hidden)'!$C$2:$C$1048576,0),MATCH(G$6,'Restaurant Base (Hidden)'!$A$1:$Z$1,0)),"") -> 4,356 | H80: =+IFERROR(INDEX('Restaurant Base (Hidden)'!$A$2:$Z$1048576,MATCH($C80,'Restaurant Base (Hidden)'!$C$2:$C$1048576,0),MATCH(H$6,'Restaurant Base (Hidden)'!$A$1:$Z$1,0)),"") -> 4 | I80: =+IFERROR(INDEX('Restaurant Base (Hidden)'!$A$2:$Z$1048576,MATCH($C80,'Restaurant Base (Hidden)'!$C$2:$C$1048576,0),MATCH(I$6,'Restaurant Base (Hidden)'!$A$1:$Z$1,0)),"") -> 71,30 % | J80: =+IFERROR(INDEX('Restaurant Base (Hidden)'!$A$2:$Z$1048576,MATCH($C80,'Restaurant Base (Hidden)'!$C$2:$C$1048576,0),MATCH(J$6,'Restaurant Base (Hidden)'!$A$1:$Z$1,0)),"") -> 1 | K80: =+IFERROR(INDEX('Restaurant Base (Hidden)'!$A$2:$Z$1048576,MATCH($C80,'Restaurant Base (Hidden)'!$C$2:$C$1048576,0),MATCH(K$6,'Restaurant Base (Hidden)'!$A$1:$Z$1,0)),"") -> 0,212 | L80: =+IFERROR(INDEX('Restaurant Base (Hidden)'!$A$2:$Z$1048576,MATCH($C80,'Restaurant Base (Hidden)'!$C$2:$C$1048576,0),MATCH(L$6,'Restaurant Base (Hidden)'!$A$1:$Z$1,0)),"") -> 1 | ... AG80: =+IFERROR(INDEX('Restaurant Base (Hidden)'!$A$2:$Z$1048576,MATCH($C80,'Restaurant Base (Hidden)'!$C$2:$C$1048576,0),MATCH(AG$6,'Restaurant Base (Hidden)'!$A$1:$Z$1,0)),"") -> 4
A81: =IF('Restaurant Base (Hidden)'!A16=0,"", 'Restaurant Base (Hidden)'!A16) -> Parker Sterling | B81: =IF('Restaurant Base (Hidden)'!B16=0,"", 'Restaurant Base (Hidden)'!B16) -> Redwood Food Partners | C81: =IF('Restaurant Base (Hidden)'!C16=0,"", 'Restaurant Base (Hidden)'!C16) -> Woodland Heights | D81: =+IFERROR(RANK(E81,$E$7:$E$3390,),"") -> 75 | E81: =+IFERROR(INDEX('Restaurant Base (Hidden)'!$A$2:$Z$1048576,MATCH($C81,'Restaurant Base (Hidden)'!$C$2:$C$1048576,0),MATCH(E$6,'Restaurant Base (Hidden)'!$A$1:$Z$1,0)),"") -> 3.44 | F81: =+IFERROR(INDEX('Restaurant Base (Hidden)'!$A$2:$Z$1048576,MATCH($C81,'Restaurant Base (Hidden)'!$C$2:$C$1048576,0),MATCH(F$6,'Restaurant Base (Hidden)'!$A$1:$Z$1,0)),"") | G81: =+IFERROR(INDEX('Restaurant Base (Hidden)'!$A$2:$Z$1048576,MATCH($C81,'Restaurant Base (Hidden)'!$C$2:$C$1048576,0),MATCH(G$6,'Restaurant Base (Hidden)'!$A$1:$Z$1,0)),"") -> 4,443 | H81: =+IFERROR(INDEX('Restaurant Base (Hidden)'!$A$2:$Z$1048576,MATCH($C81,'Restaurant Base (Hidden)'!$C$2:$C$1048576,0),MATCH(H$6,'Restaurant Base (Hidden)'!$A$1:$Z$1,0)),"") -> 4 | I81: =+IFERROR(INDEX('Restaurant Base (Hidden)'!$A$2:$Z$1048576,MATCH($C81,'Restaurant Base (Hidden)'!$C$2:$C$1048576,0),MATCH(I$6,'Restaurant Base (Hidden)'!$A$1:$Z$1,0)),"") -> 97,30 % | J81: =+IFERROR(INDEX('Restaurant Base (Hidden)'!$A$2:$Z$1048576,MATCH($C81,'Restaurant Base (Hidden)'!$C$2:$C$1048576,0),MATCH(J$6,'Restaurant Base (Hidden)'!$A$1:$Z$1,0)),"") -> 5 | K81: =+IFERROR(INDEX('Restaurant Base (Hidden)'!$A$2:$Z$1048576,MATCH($C81,'Restaurant Base (Hidden)'!$C$2:$C$1048576,0),MATCH(K$6,'Restaurant Base (Hidden)'!$A$1:$Z$1,0)),"") -> 0,138 | L81: =+IFERROR(INDEX('Restaurant Base (Hidden)'!$A$2:$Z$1048576,MATCH($C81,'Restaurant Base (Hidden)'!$C$2:$C$1048576,0),MATCH(L$6,'Restaurant Base (Hidden)'!$A$1:$Z$1,0)),"") -> 2 | ... AG81: =+IFERROR(INDEX('Restaurant Base (Hidden)'!$A$2:$Z$1048576,MATCH($C81,'Restaurant Base (Hidden)'!$C$2:$C$1048576,0),MATCH(AG$6,'Restaurant Base (Hidden)'!$A$1:$Z$1,0)),"") -> 1
A82: =IF('Restaurant Base (Hidden)'!A99=0,"", 'Restaurant Base (Hidden)'!A99) -> Jordan Oakley | B82: =IF('Restaurant Base (Hidden)'!B99=0,"", 'Restaurant Base (Hidden)'!B99) -> Fairmont Food Group | C82: =IF('Restaurant Base (Hidden)'!C99=0,"", 'Restaurant Base (Hidden)'!C99) -> Westwood Place | D82: =+IFERROR(RANK(E82,$E$7:$E$3390,),"") -> 75 | E82: =+IFERROR(INDEX('Restaurant Base (Hidden)'!$A$2:$Z$1048576,MATCH($C82,'Restaurant Base (Hidden)'!$C$2:$C$1048576,0),MATCH(E$6,'Restaurant Base (Hidden)'!$A$1:$Z$1,0)),"") -> 3.44 | F82: =+IFERROR(INDEX('Restaurant Base (Hidden)'!$A$2:$Z$1048576,MATCH($C82,'Restaurant Base (Hidden)'!$C$2:$C$1048576,0),MATCH(F$6,'Restaurant Base (Hidden)'!$A$1:$Z$1,0)),"") | G82: =+IFERROR(INDEX('Restaurant Base (Hidden)'!$A$2:$Z$1048576,MATCH($C82,'Restaurant Base (Hidden)'!$C$2:$C$1048576,0),MATCH(G$6,'Restaurant Base (Hidden)'!$A$1:$Z$1,0)),"") -> 4,495 | H82: =+IFERROR(INDEX('Restaurant Base (Hidden)'!$A$2:$Z$1048576,MATCH($C82,'Restaurant Base (Hidden)'!$C$2:$C$1048576,0),MATCH(H$6,'Restaurant Base (Hidden)'!$A$1:$Z$1,0)),"") -> 4 | I82: =+IFERROR(INDEX('Restaurant Base (Hidden)'!$A$2:$Z$1048576,MATCH($C82,'Restaurant Base (Hidden)'!$C$2:$C$1048576,0),MATCH(I$6,'Restaurant Base (Hidden)'!$A$1:$Z$1,0)),"") -> 56,10 % | J82: =+IFERROR(INDEX('Restaurant Base (Hidden)'!$A$2:$Z$1048576,MATCH($C82,'Restaurant Base (Hidden)'!$C$2:$C$1048576,0),MATCH(J$6,'Restaurant Base (Hidden)'!$A$1:$Z$1,0)),"") -> 1 | K82: =+IFERROR(INDEX('Restaurant Base (Hidden)'!$A$2:$Z$1048576,MATCH($C82,'Restaurant Base (Hidden)'!$C$2:$C$1048576,0),MATCH(K$6,'Restaurant Base (Hidden)'!$A$1:$Z$1,0)),"") -> 0,113 | L82: =+IFERROR(INDEX('Restaurant Base (Hidden)'!$A$2:$Z$1048576,MATCH($C82,'Restaurant Base (Hidden)'!$C$2:$C$1048576,0),MATCH(L$6,'Restaurant Base (Hidden)'!$A$1:$Z$1,0)),"") -> 3 | ... AG82: =+IFERROR(INDEX('Restaurant Base (Hidden)'!$A$2:$Z$1048576,MATCH($C82,'Restaurant Base (Hidden)'!$C$2:$C$1048576,0),MATCH(AG$6,'Restaurant Base (Hidden)'!$A$1:$Z$1,0)),"") -> 3
A83: =IF('Restaurant Base (Hidden)'!A334=0,"", 'Restaurant Base (Hidden)'!A334) -> Morgan Rivington | B83: =IF('Restaurant Base (Hidden)'!B334=0,"", 'Restaurant Base (Hidden)'!B334) -> Stonebridge Restaurant Co | C83: =IF('Restaurant Base (Hidden)'!C334=0,"", 'Restaurant Base (Hidden)'!C334) -> Parkside Heath | D83: =+IFERROR(RANK(E83,$E$7:$E$3390,),"") -> 75 | E83: =+IFERROR(INDEX('Restaurant Base (Hidden)'!$A$2:$Z$1048576,MATCH($C83,'Restaurant Base (Hidden)'!$C$2:$C$1048576,0),MATCH(E$6,'Restaurant Base (Hidden)'!$A$1:$Z$1,0)),"") -> 3.44 | F83: =+IFERROR(INDEX('Restaurant Base (Hidden)'!$A$2:$Z$1048576,MATCH($C83,'Restaurant Base (Hidden)'!$C$2:$C$1048576,0),MATCH(F$6,'Restaurant Base (Hidden)'!$A$1:$Z$1,0)),"") | G83: =+IFERROR(INDEX('Restaurant Base (Hidden)'!$A$2:$Z$1048576,MATCH($C83,'Restaurant Base (Hidden)'!$C$2:$C$1048576,0),MATCH(G$6,'Restaurant Base (Hidden)'!$A$1:$Z$1,0)),"") -> 4,803 | H83: =+IFERROR(INDEX('Restaurant Base (Hidden)'!$A$2:$Z$1048576,MATCH($C83,'Restaurant Base (Hidden)'!$C$2:$C$1048576,0),MATCH(H$6,'Restaurant Base (Hidden)'!$A$1:$Z$1,0)),"") -> 5 | I83: =+IFERROR(INDEX('Restaurant Base (Hidden)'!$A$2:$Z$1048576,MATCH($C83,'Restaurant Base (Hidden)'!$C$2:$C$1048576,0),MATCH(I$6,'Restaurant Base (Hidden)'!$A$1:$Z$1,0)),"") -> 95,10 % | J83: =+IFERROR(INDEX('Restaurant Base (Hidden)'!$A$2:$Z$1048576,MATCH($C83,'Restaurant Base (Hidden)'!$C$2:$C$1048576,0),MATCH(J$6,'Restaurant Base (Hidden)'!$A$1:$Z$1,0)),"") -> 5 | K83: =+IFERROR(INDEX('Restaurant Base (Hidden)'!$A$2:$Z$1048576,MATCH($C83,'Restaurant Base (Hidden)'!$C$2:$C$1048576,0),MATCH(K$6,'Restaurant Base (Hidden)'!$A$1:$Z$1,0)),"") -> 0,153 | L83: =+IFERROR(INDEX('Restaurant Base (Hidden)'!$A$2:$Z$1048576,MATCH($C83,'Restaurant Base (Hidden)'!$C$2:$C$1048576,0),MATCH(L$6,'Restaurant Base (Hidden)'!$A$1:$Z$1,0)),"") -> 2 | ... AG83: =+IFERROR(INDEX('Restaurant Base (Hidden)'!$A$2:$Z$1048576,MATCH($C83,'Restaurant Base (Hidden)'!$C$2:$C$1048576,0),MATCH(AG$6,'Restaurant Base (Hidden)'!$A$1:$Z$1,0)),"") -> 1
A84: =IF('Restaurant Base (Hidden)'!A165=0,"", 'Restaurant Base (Hidden)'!A165) -> Rowan Kingsley | B84: =IF('Restaurant Base (Hidden)'!B165=0,"", 'Restaurant Base (Hidden)'!B165) -> Oakbridge Restaurant Group | C84: =IF('Restaurant Base (Hidden)'!C165=0,"", 'Restaurant Base (Hidden)'!C165) -> Spring Ridge | D84: =+IFERROR(RANK(E84,$E$7:$E$3390,),"") -> 78 | E84: =+IFERROR(INDEX('Restaurant Base (Hidden)'!$A$2:$Z$1048576,MATCH($C84,'Restaurant Base (Hidden)'!$C$2:$C$1048576,0),MATCH(E$6,'Restaurant Base (Hidden)'!$A$1:$Z$1,0)),"") -> 3.41 | F84: =+IFERROR(INDEX('Restaurant Base (Hidden)'!$A$2:$Z$1048576,MATCH($C84,'Restaurant Base (Hidden)'!$C$2:$C$1048576,0),MATCH(F$6,'Restaurant Base (Hidden)'!$A$1:$Z$1,0)),"") | G84: =+IFERROR(INDEX('Restaurant Base (Hidden)'!$A$2:$Z$1048576,MATCH($C84,'Restaurant Base (Hidden)'!$C$2:$C$1048576,0),MATCH(G$6,'Restaurant Base (Hidden)'!$A$1:$Z$1,0)),"") -> 4,618 | H84: =+IFERROR(INDEX('Restaurant Base (Hidden)'!$A$2:$Z$1048576,MATCH($C84,'Restaurant Base (Hidden)'!$C$2:$C$1048576,0),MATCH(H$6,'Restaurant Base (Hidden)'!$A$1:$Z$1,0)),"") -> 5 | I84: =+IFERROR(INDEX('Restaurant Base (Hidden)'!$A$2:$Z$1048576,MATCH($C84,'Restaurant Base (Hidden)'!$C$2:$C$1048576,0),MATCH(I$6,'Restaurant Base (Hidden)'!$A$1:$Z$1,0)),"") -> 88,70 % | J84: =+IFERROR(INDEX('Restaurant Base (Hidden)'!$A$2:$Z$1048576,MATCH($C84,'Restaurant Base (Hidden)'!$C$2:$C$1048576,0),MATCH(J$6,'Restaurant Base (Hidden)'!$A$1:$Z$1,0)),"") -> 4 | K84: =+IFERROR(INDEX('Restaurant Base (Hidden)'!$A$2:$Z$1048576,MATCH($C84,'Restaurant Base (Hidden)'!$C$2:$C$1048576,0),MATCH(K$6,'Restaurant Base (Hidden)'!$A$1:$Z$1,0)),"") -> 0,200 | L84: =+IFERROR(INDEX('Restaurant Base (Hidden)'!$A$2:$Z$1048576,MATCH($C84,'Restaurant Base (Hidden)'!$C$2:$C$1048576,0),MATCH(L$6,'Restaurant Base (Hidden)'!$A$1:$Z$1,0)),"") -> 1 | ... AG84: =+IFERROR(INDEX('Restaurant Base (Hidden)'!$A$2:$Z$1048576,MATCH($C84,'Restaurant Base (Hidden)'!$C$2:$C$1048576,0),MATCH(AG$6,'Restaurant Base (Hidden)'!$A$1:$Z$1,0)),"") -> 5
A85: =IF('Restaurant Base (Hidden)'!A247=0,"", 'Restaurant Base (Hidden)'!A247) -> Morgan Rivington | B85: =IF('Restaurant Base (Hidden)'!B247=0,"", 'Restaurant Base (Hidden)'!B247) -> Brightfield Dining | C85: =IF('Restaurant Base (Hidden)'!C247=0,"", 'Restaurant Base (Hidden)'!C247) -> Woodland Pines | D85: =+IFERROR(RANK(E85,$E$7:$E$3390,),"") -> 78 | E85: =+IFERROR(INDEX('Restaurant Base (Hidden)'!$A$2:$Z$1048576,MATCH($C85,'Restaurant Base (Hidden)'!$C$2:$C$1048576,0),MATCH(E$6,'Restaurant Base (Hidden)'!$A$1:$Z$1,0)),"") -> 3.41 | F85: =+IFERROR(INDEX('Restaurant Base (Hidden)'!$A$2:$Z$1048576,MATCH($C85,'Restaurant Base (Hidden)'!$C$2:$C$1048576,0),MATCH(F$6,'Restaurant Base (Hidden)'!$A$1:$Z$1,0)),"") | G85: =+IFERROR(INDEX('Restaurant Base (Hidden)'!$A$2:$Z$1048576,MATCH($C85,'Restaurant Base (Hidden)'!$C$2:$C$1048576,0),MATCH(G$6,'Restaurant Base (Hidden)'!$A$1:$Z$1,0)),"") -> 4,832 | H85: =+IFERROR(INDEX('Restaurant Base (Hidden)'!$A$2:$Z$1048576,MATCH($C85,'Restaurant Base (Hidden)'!$C$2:$C$1048576,0),MATCH(H$6,'Restaurant Base (Hidden)'!$A$1:$Z$1,0)),"") -> 5 | I85: =+IFERROR(INDEX('Restaurant Base (Hidden)'!$A$2:$Z$1048576,MATCH($C85,'Restaurant Base (Hidden)'!$C$2:$C$1048576,0),MATCH(I$6,'Restaurant Base (Hidden)'!$A$1:$Z$1,0)),"") -> 92,50 % | J85: =+IFERROR(INDEX('Restaurant Base (Hidden)'!$A$2:$Z$1048576,MATCH($C85,'Restaurant Base (Hidden)'!$C$2:$C$1048576,0),MATCH(J$6,'Restaurant Base (Hidden)'!$A$1:$Z$1,0)),"") -> 4 | K85: =+IFERROR(INDEX('Restaurant Base (Hidden)'!$A$2:$Z$1048576,MATCH($C85,'Restaurant Base (Hidden)'!$C$2:$C$1048576,0),MATCH(K$6,'Restaurant Base (Hidden)'!$A$1:$Z$1,0)),"") -> 0,062 | L85: =+IFERROR(INDEX('Restaurant Base (Hidden)'!$A$2:$Z$1048576,MATCH($C85,'Restaurant Base (Hidden)'!$C$2:$C$1048576,0),MATCH(L$6,'Restaurant Base (Hidden)'!$A$1:$Z$1,0)),"") -> 4 | ... AG85: =+IFERROR(INDEX('Restaurant Base (Hidden)'!$A$2:$Z$1048576,MATCH($C85,'Restaurant Base (Hidden)'!$C$2:$C$1048576,0),MATCH(AG$6,'Restaurant Base (Hidden)'!$A$1:$Z$1,0)),"") -> 3
A86: =IF('Restaurant Base (Hidden)'!A216=0,"", 'Restaurant Base (Hidden)'!A216) -> Kendall Prescott | B86: =IF('Restaurant Base (Hidden)'!B216=0,"", 'Restaurant Base (Hidden)'!B216) -> Redwood Food Partners | C86: =IF('Restaurant Base (Hidden)'!C216=0,"", 'Restaurant Base (Hidden)'!C216) -> Westmere Boulevard | D86: =+IFERROR(RANK(E86,$E$7:$E$3390,),"") -> 80 | E86: =+IFERROR(INDEX('Restaurant Base (Hidden)'!$A$2:$Z$1048576,MATCH($C86,'Restaurant Base (Hidden)'!$C$2:$C$1048576,0),MATCH(E$6,'Restaurant Base (Hidden)'!$A$1:$Z$1,0)),"") -> 3.4 | F86: =+IFERROR(INDEX('Restaurant Base (Hidden)'!$A$2:$Z$1048576,MATCH($C86,'Restaurant Base (Hidden)'!$C$2:$C$1048576,0),MATCH(F$6,'Restaurant Base (Hidden)'!$A$1:$Z$1,0)),"") | G86: =+IFERROR(INDEX('Restaurant Base (Hidden)'!$A$2:$Z$1048576,MATCH($C86,'Restaurant Base (Hidden)'!$C$2:$C$1048576,0),MATCH(G$6,'Restaurant Base (Hidden)'!$A$1:$Z$1,0)),"") -> 4,204 | H86: =+IFERROR(INDEX('Restaurant Base (Hidden)'!$A$2:$Z$1048576,MATCH($C86,'Restaurant Base (Hidden)'!$C$2:$C$1048576,0),MATCH(H$6,'Restaurant Base (Hidden)'!$A$1:$Z$1,0)),"") -> 3 | I86: =+IFERROR(INDEX('Restaurant Base (Hidden)'!$A$2:$Z$1048576,MATCH($C86,'Restaurant Base (Hidden)'!$C$2:$C$1048576,0),MATCH(I$6,'Restaurant Base (Hidden)'!$A$1:$Z$1,0)),"") -> 73,50 % | J86: =+IFERROR(INDEX('Restaurant Base (Hidden)'!$A$2:$Z$1048576,MATCH($C86,'Restaurant Base (Hidden)'!$C$2:$C$1048576,0),MATCH(J$6,'Restaurant Base (Hidden)'!$A$1:$Z$1,0)),"") -> 1 | K86: =+IFERROR(INDEX('Restaurant Base (Hidden)'!$A$2:$Z$1048576,MATCH($C86,'Restaurant Base (Hidden)'!$C$2:$C$1048576,0),MATCH(K$6,'Restaurant Base (Hidden)'!$A$1:$Z$1,0)),"") -> 0,036 | L86: =+IFERROR(INDEX('Restaurant Base (Hidden)'!$A$2:$Z$1048576,MATCH($C86,'Restaurant Base (Hidden)'!$C$2:$C$1048576,0),MATCH(L$6,'Restaurant Base (Hidden)'!$A$1:$Z$1,0)),"") -> 5 | ... AG86: =+IFERROR(INDEX('Restaurant Base (Hidden)'!$A$2:$Z$1048576,MATCH($C86,'Restaurant Base (Hidden)'!$C$2:$C$1048576,0),MATCH(AG$6,'Restaurant Base (Hidden)'!$A$1:$Z$1,0)),"") -> 2
A87: =IF('Restaurant Base (Hidden)'!A256=0,"", 'Restaurant Base (Hidden)'!A256) -> Emerson Greenleigh | B87: =IF('Restaurant Base (Hidden)'!B256=0,"", 'Restaurant Base (Hidden)'!B256) -> Redwood Food Partners | C87: =IF('Restaurant Base (Hidden)'!C256=0,"", 'Restaurant Base (Hidden)'!C256) -> Northvale Crescent | D87: =+IFERROR(RANK(E87,$E$7:$E$3390,),"") -> 80 | E87: =+IFERROR(INDEX('Restaurant Base (Hidden)'!$A$2:$Z$1048576,MATCH($C87,'Restaurant Base (Hidden)'!$C$2:$C$1048576,0),MATCH(E$6,'Restaurant Base (Hidden)'!$A$1:$Z$1,0)),"") -> 3.4 | F87: =+IFERROR(INDEX('Restaurant Base (Hidden)'!$A$2:$Z$1048576,MATCH($C87,'Restaurant Base (Hidden)'!$C$2:$C$1048576,0),MATCH(F$6,'Restaurant Base (Hidden)'!$A$1:$Z$1,0)),"") | G87: =+IFERROR(INDEX('Restaurant Base (Hidden)'!$A$2:$Z$1048576,MATCH($C87,'Restaurant Base (Hidden)'!$C$2:$C$1048576,0),MATCH(G$6,'Restaurant Base (Hidden)'!$A$1:$Z$1,0)),"") -> 4,776 | H87: =+IFERROR(INDEX('Restaurant Base (Hidden)'!$A$2:$Z$1048576,MATCH($C87,'Restaurant Base (Hidden)'!$C$2:$C$1048576,0),MATCH(H$6,'Restaurant Base (Hidden)'!$A$1:$Z$1,0)),"") -> 5 | I87: =+IFERROR(INDEX('Restaurant Base (Hidden)'!$A$2:$Z$1048576,MATCH($C87,'Restaurant Base (Hidden)'!$C$2:$C$1048576,0),MATCH(I$6,'Restaurant Base (Hidden)'!$A$1:$Z$1,0)),"") -> 86,70 % | J87: =+IFERROR(INDEX('Restaurant Base (Hidden)'!$A$2:$Z$1048576,MATCH($C87,'Restaurant Base (Hidden)'!$C$2:$C$1048576,0),MATCH(J$6,'Restaurant Base (Hidden)'!$A$1:$Z$1,0)),"") -> 3 | K87: =+IFERROR(INDEX('Restaurant Base (Hidden)'!$A$2:$Z$1048576,MATCH($C87,'Restaurant Base (Hidden)'!$C$2:$C$1048576,0),MATCH(K$6,'Restaurant Base (Hidden)'!$A$1:$Z$1,0)),"") -> 0,154 | L87: =+IFERROR(INDEX('Restaurant Base (Hidden)'!$A$2:$Z$1048576,MATCH($C87,'Restaurant Base (Hidden)'!$C$2:$C$1048576,0),MATCH(L$6,'Restaurant Base (Hidden)'!$A$1:$Z$1,0)),"") -> 2 | ... AG87: =+IFERROR(INDEX('Restaurant Base (Hidden)'!$A$2:$Z$1048576,MATCH($C87,'Restaurant Base (Hidden)'!$C$2:$C$1048576,0),MATCH(AG$6,'Restaurant Base (Hidden)'!$A$1:$Z$1,0)),"") -> 3
A88: =IF('Restaurant Base (Hidden)'!A254=0,"", 'Restaurant Base (Hidden)'!A254) -> Taylor Hartwell | B88: =IF('Restaurant Base (Hidden)'!B254=0,"", 'Restaurant Base (Hidden)'!B254) -> Stonebridge Restaurant Co | C88: =IF('Restaurant Base (Hidden)'!C254=0,"", 'Restaurant Base (Hidden)'!C254) -> Crown Point | D88: =+IFERROR(RANK(E88,$E$7:$E$3390,),"") -> 82 | E88: =+IFERROR(INDEX('Restaurant Base (Hidden)'!$A$2:$Z$1048576,MATCH($C88,'Restaurant Base (Hidden)'!$C$2:$C$1048576,0),MATCH(E$6,'Restaurant Base (Hidden)'!$A$1:$Z$1,0)),"") -> 3.39 | F88: =+IFERROR(INDEX('Restaurant Base (Hidden)'!$A$2:$Z$1048576,MATCH($C88,'Restaurant Base (Hidden)'!$C$2:$C$1048576,0),MATCH(F$6,'Restaurant Base (Hidden)'!$A$1:$Z$1,0)),"") | G88: =+IFERROR(INDEX('Restaurant Base (Hidden)'!$A$2:$Z$1048576,MATCH($C88,'Restaurant Base (Hidden)'!$C$2:$C$1048576,0),MATCH(G$6,'Restaurant Base (Hidden)'!$A$1:$Z$1,0)),"") -> 4,707 | H88: =+IFERROR(INDEX('Restaurant Base (Hidden)'!$A$2:$Z$1048576,MATCH($C88,'Restaurant Base (Hidden)'!$C$2:$C$1048576,0),MATCH(H$6,'Restaurant Base (Hidden)'!$A$1:$Z$1,0)),"") -> 5 | I88: =+IFERROR(INDEX('Restaurant Base (Hidden)'!$A$2:$Z$1048576,MATCH($C88,'Restaurant Base (Hidden)'!$C$2:$C$1048576,0),MATCH(I$6,'Restaurant Base (Hidden)'!$A$1:$Z$1,0)),"") -> 94,30 % | J88: =+IFERROR(INDEX('Restaurant Base (Hidden)'!$A$2:$Z$1048576,MATCH($C88,'Restaurant Base (Hidden)'!$C$2:$C$1048576,0),MATCH(J$6,'Restaurant Base (Hidden)'!$A$1:$Z$1,0)),"") -> 5 | K88: =+IFERROR(INDEX('Restaurant Base (Hidden)'!$A$2:$Z$1048576,MATCH($C88,'Restaurant Base (Hidden)'!$C$2:$C$1048576,0),MATCH(K$6,'Restaurant Base (Hidden)'!$A$1:$Z$1,0)),"") -> 0,162 | L88: =+IFERROR(INDEX('Restaurant Base (Hidden)'!$A$2:$Z$1048576,MATCH($C88,'Restaurant Base (Hidden)'!$C$2:$C$1048576,0),MATCH(L$6,'Restaurant Base (Hidden)'!$A$1:$Z$1,0)),"") -> 2 | ... AG88: =+IFERROR(INDEX('Restaurant Base (Hidden)'!$A$2:$Z$1048576,MATCH($C88,'Restaurant Base (Hidden)'!$C$2:$C$1048576,0),MATCH(AG$6,'Restaurant Base (Hidden)'!$A$1:$Z$1,0)),"") -> 2
A89: =IF('Restaurant Base (Hidden)'!A73=0,"", 'Restaurant Base (Hidden)'!A73) -> Morgan Rivington | B89: =IF('Restaurant Base (Hidden)'!B73=0,"", 'Restaurant Base (Hidden)'!B73) -> Brightstone Food Group | C89: =IF('Restaurant Base (Hidden)'!C73=0,"", 'Restaurant Base (Hidden)'!C73) -> Westmere Park | D89: =+IFERROR(RANK(E89,$E$7:$E$3390,),"") -> 83 | E89: =+IFERROR(INDEX('Restaurant Base (Hidden)'!$A$2:$Z$1048576,MATCH($C89,'Restaurant Base (Hidden)'!$C$2:$C$1048576,0),MATCH(E$6,'Restaurant Base (Hidden)'!$A$1:$Z$1,0)),"") -> 3.38 | F89: =+IFERROR(INDEX('Restaurant Base (Hidden)'!$A$2:$Z$1048576,MATCH($C89,'Restaurant Base (Hidden)'!$C$2:$C$1048576,0),MATCH(F$6,'Restaurant Base (Hidden)'!$A$1:$Z$1,0)),"") | G89: =+IFERROR(INDEX('Restaurant Base (Hidden)'!$A$2:$Z$1048576,MATCH($C89,'Restaurant Base (Hidden)'!$C$2:$C$1048576,0),MATCH(G$6,'Restaurant Base (Hidden)'!$A$1:$Z$1,0)),"") -> 4,106 | H89: =+IFERROR(INDEX('Restaurant Base (Hidden)'!$A$2:$Z$1048576,MATCH($C89,'Restaurant Base (Hidden)'!$C$2:$C$1048576,0),MATCH(H$6,'Restaurant Base (Hidden)'!$A$1:$Z$1,0)),"") -> 2 | I89: =+IFERROR(INDEX('Restaurant Base (Hidden)'!$A$2:$Z$1048576,MATCH($C89,'Restaurant Base (Hidden)'!$C$2:$C$1048576,0),MATCH(I$6,'Restaurant Base (Hidden)'!$A$1:$Z$1,0)),"") -> 91,70 % | J89: =+IFERROR(INDEX('Restaurant Base (Hidden)'!$A$2:$Z$1048576,MATCH($C89,'Restaurant Base (Hidden)'!$C$2:$C$1048576,0),MATCH(J$6,'Restaurant Base (Hidden)'!$A$1:$Z$1,0)),"") -> 4 | K89: =+IFERROR(INDEX('Restaurant Base (Hidden)'!$A$2:$Z$1048576,MATCH($C89,'Restaurant Base (Hidden)'!$C$2:$C$1048576,0),MATCH(K$6,'Restaurant Base (Hidden)'!$A$1:$Z$1,0)),"") -> 0,179 | L89: =+IFERROR(INDEX('Restaurant Base (Hidden)'!$A$2:$Z$1048576,MATCH($C89,'Restaurant Base (Hidden)'!$C$2:$C$1048576,0),MATCH(L$6,'Restaurant Base (Hidden)'!$A$1:$Z$1,0)),"") -> 2 | ... AG89: =+IFERROR(INDEX('Restaurant Base (Hidden)'!$A$2:$Z$1048576,MATCH($C89,'Restaurant Base (Hidden)'!$C$2:$C$1048576,0),MATCH(AG$6,'Restaurant Base (Hidden)'!$A$1:$Z$1,0)),"") -> 2
A90: =IF('Restaurant Base (Hidden)'!A237=0,"", 'Restaurant Base (Hidden)'!A237) -> Cameron Creston | B90: =IF('Restaurant Base (Hidden)'!B237=0,"", 'Restaurant Base (Hidden)'!B237) -> Riverstone Food Partners | C90: =IF('Restaurant Base (Hidden)'!C237=0,"", 'Restaurant Base (Hidden)'!C237) -> Valley Station | D90: =+IFERROR(RANK(E90,$E$7:$E$3390,),"") -> 83 | E90: =+IFERROR(INDEX('Restaurant Base (Hidden)'!$A$2:$Z$1048576,MATCH($C90,'Restaurant Base (Hidden)'!$C$2:$C$1048576,0),MATCH(E$6,'Restaurant Base (Hidden)'!$A$1:$Z$1,0)),"") -> 3.38 | F90: =+IFERROR(INDEX('Restaurant Base (Hidden)'!$A$2:$Z$1048576,MATCH($C90,'Restaurant Base (Hidden)'!$C$2:$C$1048576,0),MATCH(F$6,'Restaurant Base (Hidden)'!$A$1:$Z$1,0)),"") | G90: =+IFERROR(INDEX('Restaurant Base (Hidden)'!$A$2:$Z$1048576,MATCH($C90,'Restaurant Base (Hidden)'!$C$2:$C$1048576,0),MATCH(G$6,'Restaurant Base (Hidden)'!$A$1:$Z$1,0)),"") -> 4,702 | H90: =+IFERROR(INDEX('Restaurant Base (Hidden)'!$A$2:$Z$1048576,MATCH($C90,'Restaurant Base (Hidden)'!$C$2:$C$1048576,0),MATCH(H$6,'Restaurant Base (Hidden)'!$A$1:$Z$1,0)),"") -> 5 | I90: =+IFERROR(INDEX('Restaurant Base (Hidden)'!$A$2:$Z$1048576,MATCH($C90,'Restaurant Base (Hidden)'!$C$2:$C$1048576,0),MATCH(I$6,'Restaurant Base (Hidden)'!$A$1:$Z$1,0)),"") -> 98,30 % | J90: =+IFERROR(INDEX('Restaurant Base (Hidden)'!$A$2:$Z$1048576,MATCH($C90,'Restaurant Base (Hidden)'!$C$2:$C$1048576,0),MATCH(J$6,'Restaurant Base (Hidden)'!$A$1:$Z$1,0)),"") -> 5 | K90: =+IFERROR(INDEX('Restaurant Base (Hidden)'!$A$2:$Z$1048576,MATCH($C90,'Restaurant Base (Hidden)'!$C$2:$C$1048576,0),MATCH(K$6,'Restaurant Base (Hidden)'!$A$1:$Z$1,0)),"") -> 0,195 | L90: =+IFERROR(INDEX('Restaurant Base (Hidden)'!$A$2:$Z$1048576,MATCH($C90,'Restaurant Base (Hidden)'!$C$2:$C$1048576,0),MATCH(L$6,'Restaurant Base (Hidden)'!$A$1:$Z$1,0)),"") -> 1 | ... AG90: =+IFERROR(INDEX('Restaurant Base (Hidden)'!$A$2:$Z$1048576,MATCH($C90,'Restaurant Base (Hidden)'!$C$2:$C$1048576,0),MATCH(AG$6,'Restaurant Base (Hidden)'!$A$1:$Z$1,0)),"") -> 2
A91: =IF('Restaurant Base (Hidden)'!A378=0,"", 'Restaurant Base (Hidden)'!A378) -> Tatum Westmere | B91: =IF('Restaurant Base (Hidden)'!B378=0,"", 'Restaurant Base (Hidden)'!B378) -> Crownfield Hospitality | C91: =IF('Restaurant Base (Hidden)'!C378=0,"", 'Restaurant Base (Hidden)'!C378) -> Sunny Mews | D91: =+IFERROR(RANK(E91,$E$7:$E$3390,),"") -> 83 | E91: =+IFERROR(INDEX('Restaurant Base (Hidden)'!$A$2:$Z$1048576,MATCH($C91,'Restaurant Base (Hidden)'!$C$2:$C$1048576,0),MATCH(E$6,'Restaurant Base (Hidden)'!$A$1:$Z$1,0)),"") -> 3.38 | F91: =+IFERROR(INDEX('Restaurant Base (Hidden)'!$A$2:$Z$1048576,MATCH($C91,'Restaurant Base (Hidden)'!$C$2:$C$1048576,0),MATCH(F$6,'Restaurant Base (Hidden)'!$A$1:$Z$1,0)),"") | G91: =+IFERROR(INDEX('Restaurant Base (Hidden)'!$A$2:$Z$1048576,MATCH($C91,'Restaurant Base (Hidden)'!$C$2:$C$1048576,0),MATCH(G$6,'Restaurant Base (Hidden)'!$A$1:$Z$1,0)),"") -> 4,495 | H91: =+IFERROR(INDEX('Restaurant Base (Hidden)'!$A$2:$Z$1048576,MATCH($C91,'Restaurant Base (Hidden)'!$C$2:$C$1048576,0),MATCH(H$6,'Restaurant Base (Hidden)'!$A$1:$Z$1,0)),"") -> 4 | I91: =+IFERROR(INDEX('Restaurant Base (Hidden)'!$A$2:$Z$1048576,MATCH($C91,'Restaurant Base (Hidden)'!$C$2:$C$1048576,0),MATCH(I$6,'Restaurant Base (Hidden)'!$A$1:$Z$1,0)),"") -> 73,80 % | J91: =+IFERROR(INDEX('Restaurant Base (Hidden)'!$A$2:$Z$1048576,MATCH($C91,'Restaurant Base (Hidden)'!$C$2:$C$1048576,0),MATCH(J$6,'Restaurant Base (Hidden)'!$A$1:$Z$1,0)),"") -> 1 | K91: =+IFERROR(INDEX('Restaurant Base (Hidden)'!$A$2:$Z$1048576,MATCH($C91,'Restaurant Base (Hidden)'!$C$2:$C$1048576,0),MATCH(K$6,'Restaurant Base (Hidden)'!$A$1:$Z$1,0)),"") -> 0,114 | L91: =+IFERROR(INDEX('Restaurant Base (Hidden)'!$A$2:$Z$1048576,MATCH($C91,'Restaurant Base (Hidden)'!$C$2:$C$1048576,0),MATCH(L$6,'Restaurant Base (Hidden)'!$A$1:$Z$1,0)),"") -> 3 | ... AG91: =+IFERROR(INDEX('Restaurant Base (Hidden)'!$A$2:$Z$1048576,MATCH($C91,'Restaurant Base (Hidden)'!$C$2:$C$1048576,0),MATCH(AG$6,'Restaurant Base (Hidden)'!$A$1:$Z$1,0)),"") -> 2
A92: =IF('Restaurant Base (Hidden)'!A208=0,"", 'Restaurant Base (Hidden)'!A208) -> Cameron Creston | B92: =IF('Restaurant Base (Hidden)'!B208=0,"", 'Restaurant Base (Hidden)'!B208) -> Cedarstone Hospitality | C92: =IF('Restaurant Base (Hidden)'!C208=0,"", 'Restaurant Base (Hidden)'!C208) -> Fox Ridge | D92: =+IFERROR(RANK(E92,$E$7:$E$3390,),"") -> 86 | E92: =+IFERROR(INDEX('Restaurant Base (Hidden)'!$A$2:$Z$1048576,MATCH($C92,'Restaurant Base (Hidden)'!$C$2:$C$1048576,0),MATCH(E$6,'Restaurant Base (Hidden)'!$A$1:$Z$1,0)),"") -> 3.36 | F92: =+IFERROR(INDEX('Restaurant Base (Hidden)'!$A$2:$Z$1048576,MATCH($C92,'Restaurant Base (Hidden)'!$C$2:$C$1048576,0),MATCH(F$6,'Restaurant Base (Hidden)'!$A$1:$Z$1,0)),"") | G92: =+IFERROR(INDEX('Restaurant Base (Hidden)'!$A$2:$Z$1048576,MATCH($C92,'Restaurant Base (Hidden)'!$C$2:$C$1048576,0),MATCH(G$6,'Restaurant Base (Hidden)'!$A$1:$Z$1,0)),"") -> 4,234 | H92: =+IFERROR(INDEX('Restaurant Base (Hidden)'!$A$2:$Z$1048576,MATCH($C92,'Restaurant Base (Hidden)'!$C$2:$C$1048576,0),MATCH(H$6,'Restaurant Base (Hidden)'!$A$1:$Z$1,0)),"") -> 3 | I92: =+IFERROR(INDEX('Restaurant Base (Hidden)'!$A$2:$Z$1048576,MATCH($C92,'Restaurant Base (Hidden)'!$C$2:$C$1048576,0),MATCH(I$6,'Restaurant Base (Hidden)'!$A$1:$Z$1,0)),"") -> 76,30 % | J92: =+IFERROR(INDEX('Restaurant Base (Hidden)'!$A$2:$Z$1048576,MATCH($C92,'Restaurant Base (Hidden)'!$C$2:$C$1048576,0),MATCH(J$6,'Restaurant Base (Hidden)'!$A$1:$Z$1,0)),"") -> 1 | K92: =+IFERROR(INDEX('Restaurant Base (Hidden)'!$A$2:$Z$1048576,MATCH($C92,'Restaurant Base (Hidden)'!$C$2:$C$1048576,0),MATCH(K$6,'Restaurant Base (Hidden)'!$A$1:$Z$1,0)),"") -> 0,044 | L92: =+IFERROR(INDEX('Restaurant Base (Hidden)'!$A$2:$Z$1048576,MATCH($C92,'Restaurant Base (Hidden)'!$C$2:$C$1048576,0),MATCH(L$6,'Restaurant Base (Hidden)'!$A$1:$Z$1,0)),"") -> 5 | ... AG92: =+IFERROR(INDEX('Restaurant Base (Hidden)'!$A$2:$Z$1048576,MATCH($C92,'Restaurant Base (Hidden)'!$C$2:$C$1048576,0),MATCH(AG$6,'Restaurant Base (Hidden)'!$A$1:$Z$1,0)),"") -> 2
A93: =IF('Restaurant Base (Hidden)'!A402=0,"", 'Restaurant Base (Hidden)'!A402) -> Bailey Silverton | B93: =IF('Restaurant Base (Hidden)'!B402=0,"", 'Restaurant Base (Hidden)'!B402) -> Northstar Dining Group | C93: =IF('Restaurant Base (Hidden)'!C402=0,"", 'Restaurant Base (Hidden)'!C402) -> Hilltop Corner | D93: =+IFERROR(RANK(E93,$E$7:$E$3390,),"") -> 86 | E93: =+IFERROR(INDEX('Restaurant Base (Hidden)'!$A$2:$Z$1048576,MATCH($C93,'Restaurant Base (Hidden)'!$C$2:$C$1048576,0),MATCH(E$6,'Restaurant Base (Hidden)'!$A$1:$Z$1,0)),"") -> 3.36 | F93: =+IFERROR(INDEX('Restaurant Base (Hidden)'!$A$2:$Z$1048576,MATCH($C93,'Restaurant Base (Hidden)'!$C$2:$C$1048576,0),MATCH(F$6,'Restaurant Base (Hidden)'!$A$1:$Z$1,0)),"") | G93: =+IFERROR(INDEX('Restaurant Base (Hidden)'!$A$2:$Z$1048576,MATCH($C93,'Restaurant Base (Hidden)'!$C$2:$C$1048576,0),MATCH(G$6,'Restaurant Base (Hidden)'!$A$1:$Z$1,0)),"") -> 4,289 | H93: =+IFERROR(INDEX('Restaurant Base (Hidden)'!$A$2:$Z$1048576,MATCH($C93,'Restaurant Base (Hidden)'!$C$2:$C$1048576,0),MATCH(H$6,'Restaurant Base (Hidden)'!$A$1:$Z$1,0)),"") -> 3 | I93: =+IFERROR(INDEX('Restaurant Base (Hidden)'!$A$2:$Z$1048576,MATCH($C93,'Restaurant Base (Hidden)'!$C$2:$C$1048576,0),MATCH(I$6,'Restaurant Base (Hidden)'!$A$1:$Z$1,0)),"") -> 93,50 % | J93: =+IFERROR(INDEX('Restaurant Base (Hidden)'!$A$2:$Z$1048576,MATCH($C93,'Restaurant Base (Hidden)'!$C$2:$C$1048576,0),MATCH(J$6,'Restaurant Base (Hidden)'!$A$1:$Z$1,0)),"") -> 4 | K93: =+IFERROR(INDEX('Restaurant Base (Hidden)'!$A$2:$Z$1048576,MATCH($C93,'Restaurant Base (Hidden)'!$C$2:$C$1048576,0),MATCH(K$6,'Restaurant Base (Hidden)'!$A$1:$Z$1,0)),"") -> 0,125 | L93: =+IFERROR(INDEX('Restaurant Base (Hidden)'!$A$2:$Z$1048576,MATCH($C93,'Restaurant Base (Hidden)'!$C$2:$C$1048576,0),MATCH(L$6,'Restaurant Base (Hidden)'!$A$1:$Z$1,0)),"") -> 3 | ... AG93: =+IFERROR(INDEX('Restaurant Base (Hidden)'!$A$2:$Z$1048576,MATCH($C93,'Restaurant Base (Hidden)'!$C$2:$C$1048576,0),MATCH(AG$6,'Restaurant Base (Hidden)'!$A$1:$Z$1,0)),"") -> 2
A94: =IF('Restaurant Base (Hidden)'!A18=0,"", 'Restaurant Base (Hidden)'!A18) -> Reese Whitmore | B94: =IF('Restaurant Base (Hidden)'!B18=0,"", 'Restaurant Base (Hidden)'!B18) -> Crownfield Hospitality | C94: =IF('Restaurant Base (Hidden)'!C18=0,"", 'Restaurant Base (Hidden)'!C18) -> Fox House | D94: =+IFERROR(RANK(E94,$E$7:$E$3390,),"") -> 88 | E94: =+IFERROR(INDEX('Restaurant Base (Hidden)'!$A$2:$Z$1048576,MATCH($C94,'Restaurant Base (Hidden)'!$C$2:$C$1048576,0),MATCH(E$6,'Restaurant Base (Hidden)'!$A$1:$Z$1,0)),"") -> 3.35 | F94: =+IFERROR(INDEX('Restaurant Base (Hidden)'!$A$2:$Z$1048576,MATCH($C94,'Restaurant Base (Hidden)'!$C$2:$C$1048576,0),MATCH(F$6,'Restaurant Base (Hidden)'!$A$1:$Z$1,0)),"") | G94: =+IFERROR(INDEX('Restaurant Base (Hidden)'!$A$2:$Z$1048576,MATCH($C94,'Restaurant Base (Hidden)'!$C$2:$C$1048576,0),MATCH(G$6,'Restaurant Base (Hidden)'!$A$1:$Z$1,0)),"") -> 4,121 | H94: =+IFERROR(INDEX('Restaurant Base (Hidden)'!$A$2:$Z$1048576,MATCH($C94,'Restaurant Base (Hidden)'!$C$2:$C$1048576,0),MATCH(H$6,'Restaurant Base (Hidden)'!$A$1:$Z$1,0)),"") -> 2 | I94: =+IFERROR(INDEX('Restaurant Base (Hidden)'!$A$2:$Z$1048576,MATCH($C94,'Restaurant Base (Hidden)'!$C$2:$C$1048576,0),MATCH(I$6,'Restaurant Base (Hidden)'!$A$1:$Z$1,0)),"") -> 99,10 % | J94: =+IFERROR(INDEX('Restaurant Base (Hidden)'!$A$2:$Z$1048576,MATCH($C94,'Restaurant Base (Hidden)'!$C$2:$C$1048576,0),MATCH(J$6,'Restaurant Base (Hidden)'!$A$1:$Z$1,0)),"") -> 5 | K94: =+IFERROR(INDEX('Restaurant Base (Hidden)'!$A$2:$Z$1048576,MATCH($C94,'Restaurant Base (Hidden)'!$C$2:$C$1048576,0),MATCH(K$6,'Restaurant Base (Hidden)'!$A$1:$Z$1,0)),"") -> 0,036 | L94: =+IFERROR(INDEX('Restaurant Base (Hidden)'!$A$2:$Z$1048576,MATCH($C94,'Restaurant Base (Hidden)'!$C$2:$C$1048576,0),MATCH(L$6,'Restaurant Base (Hidden)'!$A$1:$Z$1,0)),"") -> 5 | ... AG94: =+IFERROR(INDEX('Restaurant Base (Hidden)'!$A$2:$Z$1048576,MATCH($C94,'Restaurant Base (Hidden)'!$C$2:$C$1048576,0),MATCH(AG$6,'Restaurant Base (Hidden)'!$A$1:$Z$1,0)),"") -> 2
A95: =IF('Restaurant Base (Hidden)'!A42=0,"", 'Restaurant Base (Hidden)'!A42) -> Kendall Prescott | B95: =IF('Restaurant Base (Hidden)'!B42=0,"", 'Restaurant Base (Hidden)'!B42) -> Northstar Dining Group | C95: =IF('Restaurant Base (Hidden)'!C42=0,"", 'Restaurant Base (Hidden)'!C42) -> Glen Place | D95: =+IFERROR(RANK(E95,$E$7:$E$3390,),"") -> 88 | E95: =+IFERROR(INDEX('Restaurant Base (Hidden)'!$A$2:$Z$1048576,MATCH($C95,'Restaurant Base (Hidden)'!$C$2:$C$1048576,0),MATCH(E$6,'Restaurant Base (Hidden)'!$A$1:$Z$1,0)),"") -> 3.35 | F95: =+IFERROR(INDEX('Restaurant Base (Hidden)'!$A$2:$Z$1048576,MATCH($C95,'Restaurant Base (Hidden)'!$C$2:$C$1048576,0),MATCH(F$6,'Restaurant Base (Hidden)'!$A$1:$Z$1,0)),"") | G95: =+IFERROR(INDEX('Restaurant Base (Hidden)'!$A$2:$Z$1048576,MATCH($C95,'Restaurant Base (Hidden)'!$C$2:$C$1048576,0),MATCH(G$6,'Restaurant Base (Hidden)'!$A$1:$Z$1,0)),"") -> 4,543 | H95: =+IFERROR(INDEX('Restaurant Base (Hidden)'!$A$2:$Z$1048576,MATCH($C95,'Restaurant Base (Hidden)'!$C$2:$C$1048576,0),MATCH(H$6,'Restaurant Base (Hidden)'!$A$1:$Z$1,0)),"") -> 5 | I95: =+IFERROR(INDEX('Restaurant Base (Hidden)'!$A$2:$Z$1048576,MATCH($C95,'Restaurant Base (Hidden)'!$C$2:$C$1048576,0),MATCH(I$6,'Restaurant Base (Hidden)'!$A$1:$Z$1,0)),"") -> 67,20 % | J95: =+IFERROR(INDEX('Restaurant Base (Hidden)'!$A$2:$Z$1048576,MATCH($C95,'Restaurant Base (Hidden)'!$C$2:$C$1048576,0),MATCH(J$6,'Restaurant Base (Hidden)'!$A$1:$Z$1,0)),"") -> 1 | K95: =+IFERROR(INDEX('Restaurant Base (Hidden)'!$A$2:$Z$1048576,MATCH($C95,'Restaurant Base (Hidden)'!$C$2:$C$1048576,0),MATCH(K$6,'Restaurant Base (Hidden)'!$A$1:$Z$1,0)),"") -> 0,062 | L95: =+IFERROR(INDEX('Restaurant Base (Hidden)'!$A$2:$Z$1048576,MATCH($C95,'Restaurant Base (Hidden)'!$C$2:$C$1048576,0),MATCH(L$6,'Restaurant Base (Hidden)'!$A$1:$Z$1,0)),"") -> 4 | ... AG95: =+IFERROR(INDEX('Restaurant Base (Hidden)'!$A$2:$Z$1048576,MATCH($C95,'Restaurant Base (Hidden)'!$C$2:$C$1048576,0),MATCH(AG$6,'Restaurant Base (Hidden)'!$A$1:$Z$1,0)),"") -> 1
A96: =IF('Restaurant Base (Hidden)'!A120=0,"", 'Restaurant Base (Hidden)'!A120) -> Casey Briarwood | B96: =IF('Restaurant Base (Hidden)'!B120=0,"", 'Restaurant Base (Hidden)'!B120) -> Elmwood Dining Group | C96: =IF('Restaurant Base (Hidden)'!C120=0,"", 'Restaurant Base (Hidden)'!C120) -> Parkside Village | D96: =+IFERROR(RANK(E96,$E$7:$E$3390,),"") -> 88 | E96: =+IFERROR(INDEX('Restaurant Base (Hidden)'!$A$2:$Z$1048576,MATCH($C96,'Restaurant Base (Hidden)'!$C$2:$C$1048576,0),MATCH(E$6,'Restaurant Base (Hidden)'!$A$1:$Z$1,0)),"") -> 3.35 | F96: =+IFERROR(INDEX('Restaurant Base (Hidden)'!$A$2:$Z$1048576,MATCH($C96,'Restaurant Base (Hidden)'!$C$2:$C$1048576,0),MATCH(F$6,'Restaurant Base (Hidden)'!$A$1:$Z$1,0)),"") | G96: =+IFERROR(INDEX('Restaurant Base (Hidden)'!$A$2:$Z$1048576,MATCH($C96,'Restaurant Base (Hidden)'!$C$2:$C$1048576,0),MATCH(G$6,'Restaurant Base (Hidden)'!$A$1:$Z$1,0)),"") -> 4,203 | H96: =+IFERROR(INDEX('Restaurant Base (Hidden)'!$A$2:$Z$1048576,MATCH($C96,'Restaurant Base (Hidden)'!$C$2:$C$1048576,0),MATCH(H$6,'Restaurant Base (Hidden)'!$A$1:$Z$1,0)),"") -> 3 | I96: =+IFERROR(INDEX('Restaurant Base (Hidden)'!$A$2:$Z$1048576,MATCH($C96,'Restaurant Base (Hidden)'!$C$2:$C$1048576,0),MATCH(I$6,'Restaurant Base (Hidden)'!$A$1:$Z$1,0)),"") -> 83,20 % | J96: =+IFERROR(INDEX('Restaurant Base (Hidden)'!$A$2:$Z$1048576,MATCH($C96,'Restaurant Base (Hidden)'!$C$2:$C$1048576,0),MATCH(J$6,'Restaurant Base (Hidden)'!$A$1:$Z$1,0)),"") -> 3 | K96: =+IFERROR(INDEX('Restaurant Base (Hidden)'!$A$2:$Z$1048576,MATCH($C96,'Restaurant Base (Hidden)'!$C$2:$C$1048576,0),MATCH(K$6,'Restaurant Base (Hidden)'!$A$1:$Z$1,0)),"") -> 0,068 | L96: =+IFERROR(INDEX('Restaurant Base (Hidden)'!$A$2:$Z$1048576,MATCH($C96,'Restaurant Base (Hidden)'!$C$2:$C$1048576,0),MATCH(L$6,'Restaurant Base (Hidden)'!$A$1:$Z$1,0)),"") -> 4 | ... AG96: =+IFERROR(INDEX('Restaurant Base (Hidden)'!$A$2:$Z$1048576,MATCH($C96,'Restaurant Base (Hidden)'!$C$2:$C$1048576,0),MATCH(AG$6,'Restaurant Base (Hidden)'!$A$1:$Z$1,0)),"") -> 1
A97: =IF('Restaurant Base (Hidden)'!A370=0,"", 'Restaurant Base (Hidden)'!A370) -> Taylor Hartwell | B97: =IF('Restaurant Base (Hidden)'!B370=0,"", 'Restaurant Base (Hidden)'!B370) -> Evercrest Restaurants | C97: =IF('Restaurant Base (Hidden)'!C370=0,"", 'Restaurant Base (Hidden)'!C370) -> Eastwood Gardens | D97: =+IFERROR(RANK(E97,$E$7:$E$3390,),"") -> 88 | E97: =+IFERROR(INDEX('Restaurant Base (Hidden)'!$A$2:$Z$1048576,MATCH($C97,'Restaurant Base (Hidden)'!$C$2:$C$1048576,0),MATCH(E$6,'Restaurant Base (Hidden)'!$A$1:$Z$1,0)),"") -> 3.35 | F97: =+IFERROR(INDEX('Restaurant Base (Hidden)'!$A$2:$Z$1048576,MATCH($C97,'Restaurant Base (Hidden)'!$C$2:$C$1048576,0),MATCH(F$6,'Restaurant Base (Hidden)'!$A$1:$Z$1,0)),"") | G97: =+IFERROR(INDEX('Restaurant Base (Hidden)'!$A$2:$Z$1048576,MATCH($C97,'Restaurant Base (Hidden)'!$C$2:$C$1048576,0),MATCH(G$6,'Restaurant Base (Hidden)'!$A$1:$Z$1,0)),"") -> 4,249 | H97: =+IFERROR(INDEX('Restaurant Base (Hidden)'!$A$2:$Z$1048576,MATCH($C97,'Restaurant Base (Hidden)'!$C$2:$C$1048576,0),MATCH(H$6,'Restaurant Base (Hidden)'!$A$1:$Z$1,0)),"") -> 3 | I97: =+IFERROR(INDEX('Restaurant Base (Hidden)'!$A$2:$Z$1048576,MATCH($C97,'Restaurant Base (Hidden)'!$C$2:$C$1048576,0),MATCH(I$6,'Restaurant Base (Hidden)'!$A$1:$Z$1,0)),"") -> 68,50 % | J97: =+IFERROR(INDEX('Restaurant Base (Hidden)'!$A$2:$Z$1048576,MATCH($C97,'Restaurant Base (Hidden)'!$C$2:$C$1048576,0),MATCH(J$6,'Restaurant Base (Hidden)'!$A$1:$Z$1,0)),"") -> 1 | K97: =+IFERROR(INDEX('Restaurant Base (Hidden)'!$A$2:$Z$1048576,MATCH($C97,'Restaurant Base (Hidden)'!$C$2:$C$1048576,0),MATCH(K$6,'Restaurant Base (Hidden)'!$A$1:$Z$1,0)),"") -> 0,125 | L97: =+IFERROR(INDEX('Restaurant Base (Hidden)'!$A$2:$Z$1048576,MATCH($C97,'Restaurant Base (Hidden)'!$C$2:$C$1048576,0),MATCH(L$6,'Restaurant Base (Hidden)'!$A$1:$Z$1,0)),"") -> 3 | ... AG97: =+IFERROR(INDEX('Restaurant Base (Hidden)'!$A$2:$Z$1048576,MATCH($C97,'Restaurant Base (Hidden)'!$C$2:$C$1048576,0),MATCH(AG$6,'Restaurant Base (Hidden)'!$A$1:$Z$1,0)),"") -> 3
A98: =IF('Restaurant Base (Hidden)'!A126=0,"", 'Restaurant Base (Hidden)'!A126) -> Hayden Merriton | B98: =IF('Restaurant Base (Hidden)'!B126=0,"", 'Restaurant Base (Hidden)'!B126) -> Westhaven Foods | C98: =IF('Restaurant Base (Hidden)'!C126=0,"", 'Restaurant Base (Hidden)'!C126) -> Emerald Gate | D98: =+IFERROR(RANK(E98,$E$7:$E$3390,),"") -> 92 | E98: =+IFERROR(INDEX('Restaurant Base (Hidden)'!$A$2:$Z$1048576,MATCH($C98,'Restaurant Base (Hidden)'!$C$2:$C$1048576,0),MATCH(E$6,'Restaurant Base (Hidden)'!$A$1:$Z$1,0)),"") -> 3.34 | F98: =+IFERROR(INDEX('Restaurant Base (Hidden)'!$A$2:$Z$1048576,MATCH($C98,'Restaurant Base (Hidden)'!$C$2:$C$1048576,0),MATCH(F$6,'Restaurant Base (Hidden)'!$A$1:$Z$1,0)),"") | G98: =+IFERROR(INDEX('Restaurant Base (Hidden)'!$A$2:$Z$1048576,MATCH($C98,'Restaurant Base (Hidden)'!$C$2:$C$1048576,0),MATCH(G$6,'Restaurant Base (Hidden)'!$A$1:$Z$1,0)),"") -> 4,035 | H98: =+IFERROR(INDEX('Restaurant Base (Hidden)'!$A$2:$Z$1048576,MATCH($C98,'Restaurant Base (Hidden)'!$C$2:$C$1048576,0),MATCH(H$6,'Restaurant Base (Hidden)'!$A$1:$Z$1,0)),"") -> 1 | I98: =+IFERROR(INDEX('Restaurant Base (Hidden)'!$A$2:$Z$1048576,MATCH($C98,'Restaurant Base (Hidden)'!$C$2:$C$1048576,0),MATCH(I$6,'Restaurant Base (Hidden)'!$A$1:$Z$1,0)),"") -> 77,60 % | J98: =+IFERROR(INDEX('Restaurant Base (Hidden)'!$A$2:$Z$1048576,MATCH($C98,'Restaurant Base (Hidden)'!$C$2:$C$1048576,0),MATCH(J$6,'Restaurant Base (Hidden)'!$A$1:$Z$1,0)),"") -> 1 | K98: =+IFERROR(INDEX('Restaurant Base (Hidden)'!$A$2:$Z$1048576,MATCH($C98,'Restaurant Base (Hidden)'!$C$2:$C$1048576,0),MATCH(K$6,'Restaurant Base (Hidden)'!$A$1:$Z$1,0)),"") -> 0,047 | L98: =+IFERROR(INDEX('Restaurant Base (Hidden)'!$A$2:$Z$1048576,MATCH($C98,'Restaurant Base (Hidden)'!$C$2:$C$1048576,0),MATCH(L$6,'Restaurant Base (Hidden)'!$A$1:$Z$1,0)),"") -> 5 | ... AG98: =+IFERROR(INDEX('Restaurant Base (Hidden)'!$A$2:$Z$1048576,MATCH($C98,'Restaurant Base (Hidden)'!$C$2:$C$1048576,0),MATCH(AG$6,'Restaurant Base (Hidden)'!$A$1:$Z$1,0)),"") -> 5
A99: =IF('Restaurant Base (Hidden)'!A333=0,"", 'Restaurant Base (Hidden)'!A333) -> Logan Redford | B99: =IF('Restaurant Base (Hidden)'!B333=0,"", 'Restaurant Base (Hidden)'!B333) -> Maplewood Hospitality | C99: =IF('Restaurant Base (Hidden)'!C333=0,"", 'Restaurant Base (Hidden)'!C333) -> Royal Creek | D99: =+IFERROR(RANK(E99,$E$7:$E$3390,),"") -> 92 | E99: =+IFERROR(INDEX('Restaurant Base (Hidden)'!$A$2:$Z$1048576,MATCH($C99,'Restaurant Base (Hidden)'!$C$2:$C$1048576,0),MATCH(E$6,'Restaurant Base (Hidden)'!$A$1:$Z$1,0)),"") -> 3.34 | F99: =+IFERROR(INDEX('Restaurant Base (Hidden)'!$A$2:$Z$1048576,MATCH($C99,'Restaurant Base (Hidden)'!$C$2:$C$1048576,0),MATCH(F$6,'Restaurant Base (Hidden)'!$A$1:$Z$1,0)),"") | G99: =+IFERROR(INDEX('Restaurant Base (Hidden)'!$A$2:$Z$1048576,MATCH($C99,'Restaurant Base (Hidden)'!$C$2:$C$1048576,0),MATCH(G$6,'Restaurant Base (Hidden)'!$A$1:$Z$1,0)),"") -> 4,243 | H99: =+IFERROR(INDEX('Restaurant Base (Hidden)'!$A$2:$Z$1048576,MATCH($C99,'Restaurant Base (Hidden)'!$C$2:$C$1048576,0),MATCH(H$6,'Restaurant Base (Hidden)'!$A$1:$Z$1,0)),"") -> 3 | I99: =+IFERROR(INDEX('Restaurant Base (Hidden)'!$A$2:$Z$1048576,MATCH($C99,'Restaurant Base (Hidden)'!$C$2:$C$1048576,0),MATCH(I$6,'Restaurant Base (Hidden)'!$A$1:$Z$1,0)),"") -> 63,80 % | J99: =+IFERROR(INDEX('Restaurant Base (Hidden)'!$A$2:$Z$1048576,MATCH($C99,'Restaurant Base (Hidden)'!$C$2:$C$1048576,0),MATCH(J$6,'Restaurant Base (Hidden)'!$A$1:$Z$1,0)),"") -> 1 | K99: =+IFERROR(INDEX('Restaurant Base (Hidden)'!$A$2:$Z$1048576,MATCH($C99,'Restaurant Base (Hidden)'!$C$2:$C$1048576,0),MATCH(K$6,'Restaurant Base (Hidden)'!$A$1:$Z$1,0)),"") -> 0,103 | L99: =+IFERROR(INDEX('Restaurant Base (Hidden)'!$A$2:$Z$1048576,MATCH($C99,'Restaurant Base (Hidden)'!$C$2:$C$1048576,0),MATCH(L$6,'Restaurant Base (Hidden)'!$A$1:$Z$1,0)),"") -> 3 | ... AG99: =+IFERROR(INDEX('Restaurant Base (Hidden)'!$A$2:$Z$1048576,MATCH($C99,'Restaurant Base (Hidden)'!$C$2:$C$1048576,0),MATCH(AG$6,'Restaurant Base (Hidden)'!$A$1:$Z$1,0)),"") -> 2
A100: =IF('Restaurant Base (Hidden)'!A354=0,"", 'Restaurant Base (Hidden)'!A354) -> Drew Fairbourne | B100: =IF('Restaurant Base (Hidden)'!B354=0,"", 'Restaurant Base (Hidden)'!B354) -> Ridgeway Restaurants | C100: =IF('Restaurant Base (Hidden)'!C354=0,"", 'Restaurant Base (Hidden)'!C354) -> Meadow View | D100: =+IFERROR(RANK(E100,$E$7:$E$3390,),"") -> 92 | E100: =+IFERROR(INDEX('Restaurant Base (Hidden)'!$A$2:$Z$1048576,MATCH($C100,'Restaurant Base (Hidden)'!$C$2:$C$1048576,0),MATCH(E$6,'Restaurant Base (Hidden)'!$A$1:$Z$1,0)),"") -> 3.34 | F100: =+IFERROR(INDEX('Restaurant Base (Hidden)'!$A$2:$Z$1048576,MATCH($C100,'Restaurant Base (Hidden)'!$C$2:$C$1048576,0),MATCH(F$6,'Restaurant Base (Hidden)'!$A$1:$Z$1,0)),"") | G100: =+IFERROR(INDEX('Restaurant Base (Hidden)'!$A$2:$Z$1048576,MATCH($C100,'Restaurant Base (Hidden)'!$C$2:$C$1048576,0),MATCH(G$6,'Restaurant Base (Hidden)'!$A$1:$Z$1,0)),"") -> 4,390 | H100: =+IFERROR(INDEX('Restaurant Base (Hidden)'!$A$2:$Z$1048576,MATCH($C100,'Restaurant Base (Hidden)'!$C$2:$C$1048576,0),MATCH(H$6,'Restaurant Base (Hidden)'!$A$1:$Z$1,0)),"") -> 4 | I100: =+IFERROR(INDEX('Restaurant Base (Hidden)'!$A$2:$Z$1048576,MATCH($C100,'Restaurant Base (Hidden)'!$C$2:$C$1048576,0),MATCH(I$6,'Restaurant Base (Hidden)'!$A$1:$Z$1,0)),"") -> 86,30 % | J100: =+IFERROR(INDEX('Restaurant Base (Hidden)'!$A$2:$Z$1048576,MATCH($C100,'Restaurant Base (Hidden)'!$C$2:$C$1048576,0),MATCH(J$6,'Restaurant Base (Hidden)'!$A$1:$Z$1,0)),"") -> 3 | K100: =+IFERROR(INDEX('Restaurant Base (Hidden)'!$A$2:$Z$1048576,MATCH($C100,'Restaurant Base (Hidden)'!$C$2:$C$1048576,0),MATCH(K$6,'Restaurant Base (Hidden)'!$A$1:$Z$1,0)),"") -> 0,174 | L100: =+IFERROR(INDEX('Restaurant Base (Hidden)'!$A$2:$Z$1048576,MATCH($C100,'Restaurant Base (Hidden)'!$C$2:$C$1048576,0),MATCH(L$6,'Restaurant Base (Hidden)'!$A$1:$Z$1,0)),"") -> 2 | ... AG100: =+IFERROR(INDEX('Restaurant Base (Hidden)'!$A$2:$Z$1048576,MATCH($C100,'Restaurant Base (Hidden)'!$C$2:$C$1048576,0),MATCH(AG$6,'Restaurant Base (Hidden)'!$A$1:$Z$1,0)),"") -> 1
A101: =IF('Restaurant Base (Hidden)'!A28=0,"", 'Restaurant Base (Hidden)'!A28) -> Sage Rosemont | B101: =IF('Restaurant Base (Hidden)'!B28=0,"", 'Restaurant Base (Hidden)'!B28) -> Silverbrook Dining | C101: =IF('Restaurant Base (Hidden)'!C28=0,"", 'Restaurant Base (Hidden)'!C28) -> Oak Point | D101: =+IFERROR(RANK(E101,$E$7:$E$3390,),"") -> 95 | E101: =+IFERROR(INDEX('Restaurant Base (Hidden)'!$A$2:$Z$1048576,MATCH($C101,'Restaurant Base (Hidden)'!$C$2:$C$1048576,0),MATCH(E$6,'Restaurant Base (Hidden)'!$A$1:$Z$1,0)),"") -> 3.33 | F101: =+IFERROR(INDEX('Restaurant Base (Hidden)'!$A$2:$Z$1048576,MATCH($C101,'Restaurant Base (Hidden)'!$C$2:$C$1048576,0),MATCH(F$6,'Restaurant Base (Hidden)'!$A$1:$Z$1,0)),"") | G101: =+IFERROR(INDEX('Restaurant Base (Hidden)'!$A$2:$Z$1048576,MATCH($C101,'Restaurant Base (Hidden)'!$C$2:$C$1048576,0),MATCH(G$6,'Restaurant Base (Hidden)'!$A$1:$Z$1,0)),"") -> 4,130 | H101: =+IFERROR(INDEX('Restaurant Base (Hidden)'!$A$2:$Z$1048576,MATCH($C101,'Restaurant Base (Hidden)'!$C$2:$C$1048576,0),MATCH(H$6,'Restaurant Base (Hidden)'!$A$1:$Z$1,0)),"") -> 2 | I101: =+IFERROR(INDEX('Restaurant Base (Hidden)'!$A$2:$Z$1048576,MATCH($C101,'Restaurant Base (Hidden)'!$C$2:$C$1048576,0),MATCH(I$6,'Restaurant Base (Hidden)'!$A$1:$Z$1,0)),"") -> 96,80 % | J101: =+IFERROR(INDEX('Restaurant Base (Hidden)'!$A$2:$Z$1048576,MATCH($C101,'Restaurant Base (Hidden)'!$C$2:$C$1048576,0),MATCH(J$6,'Restaurant Base (Hidden)'!$A$1:$Z$1,0)),"") -> 5 | K101: =+IFERROR(INDEX('Restaurant Base (Hidden)'!$A$2:$Z$1048576,MATCH($C101,'Restaurant Base (Hidden)'!$C$2:$C$1048576,0),MATCH(K$6,'Restaurant Base (Hidden)'!$A$1:$Z$1,0)),"") -> 0,157 | L101: =+IFERROR(INDEX('Restaurant Base (Hidden)'!$A$2:$Z$1048576,MATCH($C101,'Restaurant Base (Hidden)'!$C$2:$C$1048576,0),MATCH(L$6,'Restaurant Base (Hidden)'!$A$1:$Z$1,0)),"") -> 2 | ... AG101: =+IFERROR(INDEX('Restaurant Base (Hidden)'!$A$2:$Z$1048576,MATCH($C101,'Restaurant Base (Hidden)'!$C$2:$C$1048576,0),MATCH(AG$6,'Restaurant Base (Hidden)'!$A$1:$Z$1,0)),"") -> 2
...

Sheet Scorecard
B1: Eagle Mews | Z1: Eagle Mews
B2: ="Classement:"&+VLOOKUP($B$1,'Restaurant Dashboard'!$C:$D,2,0)&"/"&+COUNT('Restaurant Dashboard'!D7:D2816) -> Classement:1/404 | F2: Score / 5: | G2: =VLOOKUP(B1,'Restaurant Base (Hidden)'!$C:$Z,3,0) -> 4,557 | Z2: Redwood Grove
Z3: Evergreen Crescent
B4: Criteria | D4: Weights | E4: Scorecard Metric | F4: Score | G4: Rating | H4: Targets | Z4: Hilltop Gardens
B5: Transaction Growth Drivers (monthly view) | D5: 0.1 | E5: Google | F5: =VLOOKUP($B$1,'Restaurant Base (Hidden)'!$C:$AG,3,0) -> 4,557 | G5: =VLOOKUP($B$1,'Restaurant Base (Hidden)'!$C:$AG,4,0) -> 5 | H5: 0.1 | Z5: Lake Pines
D6: 0.1 | E6: CHAMPS | F6: =VLOOKUP($B$1,'Restaurant Base (Hidden)'!$C:$AG,5,0) -> 86,60 % | G6: =+VLOOKUP($B$1,'Restaurant Base (Hidden)'!$C:$V,6,0) -> 3 | H6: 0.1 | Z6: Golden Walk
D7: 0.05 | E7: Complaints | F7: =VLOOKUP($B$1,'Restaurant Base (Hidden)'!$C:$AG,7,0) -> 0,058 | G7: =+VLOOKUP($B$1,'Restaurant Base (Hidden)'!$C:$V,8,0) -> 5 | H7: 0.05 | Z7: River Gate
D8: 0.15 | E8: Customer Feedback - Cleanliness | F8: =VLOOKUP($B$1,'Restaurant Base (Hidden)'!$C:$AG,9,0) -> 78,60 % | G8: =+VLOOKUP($B$1,'Restaurant Base (Hidden)'!$C:$AG,10,0) -> 5 | H8: 0.15 | Z8: Liberty Commons
D9: 0.15 | E9: Customer Feedback - Taste | F9: =VLOOKUP($B$1,'Restaurant Base (Hidden)'!$C:$AG,11,0) -> 92,50 % | G9: =+VLOOKUP($B$1,'Restaurant Base (Hidden)'!$C:$AG,12,0) -> 5 | H9: 0.15 | Z9: Eastwood Way
D10: 0.1 | E10: Mystery Shopper - Speed | F10: =VLOOKUP($B$1,'Restaurant Base (Hidden)'!$C:$AG,13,0) -> 76.9 | G10: =+VLOOKUP($B$1,'Restaurant Base (Hidden)'!$C:$AG,14,0) -> 5 | H10: 0.1 | Z10: Golden Place
B11: Operational Fundamentals Operations (included in quarterly view) | D11: 0.04 | E11: RGM Training | F11: =VLOOKUP($B$1,'Restaurant Base (Hidden)'!$C:$AG,15,0) -> 58,50 % | G11: =+VLOOKUP($B$1,'Restaurant Base (Hidden)'!$C:$AG,16,0) -> 1 | H11: 0.04 | Z11: Lunar Park
D12: 0.04 | E12: AM/RS Training | F12: =VLOOKUP($B$1,'Restaurant Base (Hidden)'!$C:$AG,17,0) -> 94,40 % | G12: =+VLOOKUP($B$1,'Restaurant Base (Hidden)'!$C:$AG,18,0) -> 4 | H12: 0.04 | Z12: Northern Place
D13: 0.07 | E13: STEW Training | F13: =VLOOKUP($B$1,'Restaurant Base (Hidden)'!$C:$AG,19,0) -> 85,00 % | G13: =+VLOOKUP($B$1,'Restaurant Base (Hidden)'!$C:$AG,20,0) -> 3 | H13: 0.07 | Z13: Emerald Quay
D14: 0.1 | E14: Overall ROCC | F14: =VLOOKUP($B$1,'Restaurant Base (Hidden)'!$C:$AG,21,0) -> 91,70 % | G14: =+VLOOKUP($B$1,'Restaurant Base (Hidden)'!$C:$AG,22,0) -> 4 | H14: 0.1 | Z14: Meadow Heights
D15: 0.1 | E15: Action Plan Compliance | F15: =VLOOKUP($B$1,'Restaurant Base (Hidden)'!$C:$AG,23,0) -> 96,60 % | G15: =+VLOOKUP($B$1,'Restaurant Base (Hidden)'!$C:$AG,24,0) -> 4 | H15: 0.1 | Z15: Glen Heath
Z16: Crown Court
Z17: River Place
Z18: Highland Crescent
Z19: Silverbrook Commons
Z20: Hilltop Quay
Z21: Parkside Grove
Z22: Highland Quay
Z23: Riverside Gardens
Z24: Meadow Place
Z25: Royal Harbor
Z26: Fox Creek
Z27: Sunny House
... Z404: Westmere Heights

Sheet Restaurant Base (Hidden)
